drop database if exists CoffeeBlend;
create database CoffeeBlend;
use CoffeeBlend;

CREATE TABLE `type` (
    `type_id` INT PRIMARY KEY AUTO_INCREMENT,
    `type_name` VARCHAR(255)
);

CREATE TABLE `status` (
    `status_id` INT PRIMARY KEY AUTO_INCREMENT,
    `status_name` VARCHAR(255)
);

CREATE TABLE `Product` (
    `product_id` INT PRIMARY KEY AUTO_INCREMENT,
    `product_name` VARCHAR(255),
    `image` VARCHAR(255),
    url VARCHAR(255),
    `description` VARCHAR(1000),
    `price` FLOAT,
    `type` VARCHAR(255),
    `status` VARCHAR(100)
);

CREATE TABLE `ProductRating` (
    `id` INT PRIMARY KEY AUTO_INCREMENT,
    `product_id` INT,
    `rating` INT,
    `date_rated` DATETIME
);


CREATE TABLE `CustomerDetail` (
    `customer_id` INT PRIMARY KEY AUTO_INCREMENT,
    `name` VARCHAR(255),
    `email` VARCHAR(255),
    `password` VARCHAR(255),
    `address` VARCHAR(255),
    `phone` INT,
    `point` INT,
    `created_time` DATETIME,
    `last_login` DATETIME,
    `enabled` TINYINT,
    `auth_provider` VARCHAR(255)
);
CREATE TABLE `Invoice` (
    `id` INT PRIMARY KEY AUTO_INCREMENT,
    `invoice_status` VARCHAR(255),
    customer_id INT,
    customer_name VARCHAR(255),
    customer_address VARCHAR(255),
    customer_phone VARCHAR(10),
    total_cart_price FLOAT,
    `day_created` DATE,
    day_updated DATETIME
   --  FOREIGN KEY (customer_id)
--         REFERENCES coffeeblend.customerdetail (customer_id)
);

CREATE TABLE `OrderDetail` (
    `id` INT PRIMARY KEY AUTO_INCREMENT,
    `product_id` INT,
    `invoice_id` INT,
    `quantity` INT,
    `product_price` FLOAT,
    `total_price` FLOAT,
    CONSTRAINT `order_details_invoice_fk` FOREIGN KEY (`invoice_id`)
        REFERENCES `coffeeblend`.`invoice` (`id`),
    CONSTRAINT `order_details_prod_fk` FOREIGN KEY (`product_id`)
        REFERENCES `coffeeblend`.`product` (`product_id`)
);

CREATE TABLE `InvoiceStatus` (
    `status_id` INT PRIMARY KEY AUTO_INCREMENT,
    `status_name` VARCHAR(255)
);



CREATE TABLE `RoleDetail` (
    `role_id` INT PRIMARY KEY AUTO_INCREMENT,
    `role_name` VARCHAR(255)
);

CREATE TABLE `admindetail` (
    `admin_id` INT(11) PRIMARY KEY AUTO_INCREMENT NOT NULL,
    `admin_fullname` VARCHAR(100) NOT NULL,
    `admin_email` VARCHAR(45) NOT NULL,
    `admin_user` VARCHAR(50),
    `admin_pass` VARCHAR(64) NOT NULL,
    `admin_address` VARCHAR(150),
    `admin_phone` VARCHAR(10),
    `admin_createdTime` DATE,
    `admin_last_login` DATE,
    `role_name` VARCHAR(25),
    `admin_role` INT,
    `admin_image` VARCHAR(255),
    `enabled` TINYINT,
    FOREIGN KEY (admin_role)
        REFERENCES roledetail (role_id)
);


CREATE TABLE `UserRole` (
    admin_id INT NOT NULL,
    role_id INT NOT NULL,
    CONSTRAINT fk_admin_id FOREIGN KEY (admin_id)
        REFERENCES admindetail (admin_id),
    CONSTRAINT fk_role_id FOREIGN KEY (role_id)
        REFERENCES roledetail (role_id)
);

CREATE TABLE `ProductAndType` (
    product_id INT NOT NULL,
    type_id INT NOT NULL,
    CONSTRAINT fk_product_id FOREIGN KEY (product_id)
        REFERENCES product (product_id),
    CONSTRAINT fk_type_id FOREIGN KEY (type_id)
        REFERENCES type (type_id)
);

CREATE TABLE `chatRoom` (
    `room_id` INT PRIMARY KEY AUTO_INCREMENT,
    `created_time` DATETIME
);

CREATE TABLE `Message` (
    `message_id` INT PRIMARY KEY AUTO_INCREMENT,
    `room_id` INT,
    `customer_id` INT,
    `admin_id` INT,
    `customer_message` VARCHAR(255),
    `admin_message` VARCHAR(255)
);

-- ALTER TABLE `Invoice` ADD FOREIGN KEY (`customer_id`) REFERENCES `CustomerDetail` (`customer_id`);

-- ALTER TABLE `Invoice` ADD FOREIGN KEY (`cart_id`) REFERENCES `Cart` (`id`);



-- ALTER TABLE `Invoice` ADD FOREIGN KEY (`invoice_status`) REFERENCES `InvoiceStatus` (`status_id`);

-- ALTER TABLE `Product` ADD FOREIGN KEY (`type`) REFERENCES `type` (`type_id`);

-- ALTER TABLE `Product` ADD FOREIGN KEY (`status`) REFERENCES `status` (`status_id`);

ALTER TABLE `AdminDetail` ADD FOREIGN KEY (`admin_role`) REFERENCES `RoleDetail` (`role_id`);

ALTER TABLE `Message` ADD FOREIGN KEY (`room_id`) REFERENCES `chatRoom` (`room_id`);

ALTER TABLE `Message` ADD FOREIGN KEY (`customer_id`) REFERENCES `CustomerDetail` (`customer_id`);

ALTER TABLE `Message` ADD FOREIGN KEY (`admin_id`) REFERENCES `AdminDetail` (`admin_id`);

-- ALTER TABLE `Product` ADD FOREIGN KEY (`rating`) REFERENCES `ProductRating` (`id`);





INSERT INTO `coffeeblend`.`type` (`type_name`) VALUES ('Cà phê');
INSERT INTO `coffeeblend`.`type` (`type_name`) VALUES ('Trà');
INSERT INTO `coffeeblend`.`type` (`type_name`) VALUES ('Sinh tố');
INSERT INTO `coffeeblend`.`type` (`type_name`) VALUES ('Nước ngọt');
INSERT INTO `coffeeblend`.`type` (`type_name`) VALUES ('Trà sữa');
INSERT INTO `coffeeblend`.`type` (`type_name`) VALUES ('Khác');


INSERT INTO `coffeeblend`.`status` (`status_name`) VALUES ('Bình thường');
INSERT INTO `coffeeblend`.`status` (`status_name`) VALUES ('Giảm giá 1');
INSERT INTO `coffeeblend`.`status` (`status_name`) VALUES ('Giảm giá 2');
INSERT INTO `coffeeblend`.`status` (`status_name`) VALUES ('Giảm giá 3');
INSERT INTO `coffeeblend`.`status` (`status_name`) VALUES ('Mua 1 tặng 1');
INSERT INTO `coffeeblend`.`status` (`status_name`) VALUES ('Mua 2 tặng 1');


-- INSERT INTO `coffeeblend`.`product` (`product_name`, `description`, `price`, `type`, `status`) VALUES ('Cà phê Arabica', 'Cà phê Arabica có hai loại đang được nước ta trồng đó là Catimor và Moka. Moka có mùi thơm quyến rũ, vị nhạt; còn Catimor có mùi thơm nồng nàn, vị hơi chua.', '50000', '1', '2');
-- INSERT INTO `coffeeblend`.`product` (`product_name`, `description`, `price`, `type`, `status`) VALUES ('Cà phê Culi', 'Một loại cà phê khác của nước ta có hạt tròn to bóng mẩy, đặc biệt so với các loại cafe khác là nó chỉ có một hạt duy nhất trong một trái. Cà phê culi vị đắng ngắt, hương thơm say lòng người, nước đen sóng sánh.', '40000', '1', '2');
-- INSERT INTO `coffeeblend`.`product` (`product_name`, `description`, `price`, `type`, `status`) VALUES ('Cà phê Cherry (cà phê mít)', '. Cà phê Cherry dậy lên mùi hương thoang thoảng khi pha và có vị chua của Cherry tạo ra một cảm hứng thật sảng khoái. Loại cafe này phù hợp với sở thích của phái nữ vừa tạo một cảm giác dân dã vừa sang trọng.', '45000', '1', '1');
-- INSERT INTO `coffeeblend`.`product` (`product_name`, `description`, `price`, `type`, `status`) VALUES ('Espresso', 'Cafe Espresso, trước đây còn được gọi là cà phê kem, được pha chế bằng cách dùng nước nóng nén dưới áp suất cao qua bột cà phê được xay mịn.', '50000', '2', '1');
-- INSERT INTO `coffeeblend`.`product` (`product_name`, `description`, `price`, `type`, `status`) VALUES ('Cappuccino', 'Dạo gần cà phê Cappuccino không còn quá xa lạ đối với những người thường xuyên uống cafe. Một tách cà phê này gồm có 3 phần là: cà phê espresso, sữa nóng và bọt sữa và thường được chia rất đều nhau.', '44000', '2', '1');
-- INSERT INTO `coffeeblend`.`product` (`product_name`, `description`, `price`, `type`, `status`) VALUES ('Macchiato', 'Macchiato trong tiếng Ý có nghĩa là lốm đốm, chính vì cái tên của nó mà rất nhiều người tranh cãi trong cách pha chế. Người thì cho thêm vài vệt sữa trên mặt tách cà phê để tạo thành các đường gợn trông bắt mắt mà thôi.', '33000', '2', '1');
-- INSERT INTO `coffeeblend`.`product` (`product_name`, `description`, `price`, `type`, `status`) VALUES ('Latte', 'Cà phê Latte trong tiếng Ý có nghĩa là cà phê sữa. Nếu bạn không thật sành thì rất dễ nhầm lẫn giữa vị của Latte với Capuchino bởi cả hai loại này có thành phần là cà phê espresso, sữa nóng và bọt sữa.', '42000', '2', '1');
-- INSERT INTO `coffeeblend`.`product` (`product_name`, `description`, `price`, `type`, `status`) VALUES ('Americano', 'Nói một cách dễ hiểu thì Americano chính là Espresso nhưng được pha loãng với lượng nước gấp đôi.', '33000', '2', '1');

INSERT INTO `coffeeblend`.`product` (`product_name`, `description`, `price`, `type`, `status`) VALUES ('Cà phê Arabica', 'Cà phê Arabica có hai loại đang được nước ta trồng đó là Catimor và Moka. Moka có mùi thơm quyến rũ, vị nhạt; còn Catimor có mùi thơm nồng nàn, vị hơi chua.', '50000', 'Cà phê', 'Bình thường');
INSERT INTO `coffeeblend`.`product` (`product_name`, `description`, `price`, `type`, `status`) VALUES ('Cà phê Culi', 'Một loại cà phê khác của nước ta có hạt tròn to bóng mẩy, đặc biệt so với các loại cafe khác là nó chỉ có một hạt duy nhất trong một trái. Cà phê culi vị đắng ngắt, hương thơm say lòng người, nước đen sóng sánh.', '40000', 'Cà phê', 'Bình thường');
INSERT INTO `coffeeblend`.`product` (`product_name`, `description`, `price`, `type`, `status`) VALUES ('Cà phê Cherry (cà phê mít)', '. Cà phê Cherry dậy lên mùi hương thoang thoảng khi pha và có vị chua của Cherry tạo ra một cảm hứng thật sảng khoái. Loại cafe này phù hợp với sở thích của phái nữ vừa tạo một cảm giác dân dã vừa sang trọng.', '45000', 'Cà phê', 'Bình thường');
INSERT INTO `coffeeblend`.`product` (`product_name`, `url`, `description`, `type`, `price`,`status`) VALUES ('Americano', 'https://product.hstatic.net/1000075078/product/americano_copy_92414ac8e0634fb48ea72b21bc496b43_large.jpg', 'Americano được pha chế bằng cách thêm nước vào một hoặc hai shot Espresso để pha loãng độ đặc của cà phê, từ đó mang lại hương vị nhẹ nhàng, không gắt mạnh và vẫn thơm nồng nàn.','Cà phê', 39000,'Bình thường');
INSERT INTO `coffeeblend`.`product` (`product_name`, `url`, `description`, `type`, `price`,`status`) VALUES ('Cappuccino', 'https://product.hstatic.net/1000075078/product/cappuccino_af58b143de7e4faeb9a3ce59b313c946_master.jpg', 'Cappuccino được gọi vui là thức uống \"một-phần-ba\" - 1/3 Espresso, 1/3 Sữa nóng, 1/3 Foam.','Cà phê', 45000,'Bình thường');
INSERT INTO `coffeeblend`.`product` (`product_name`, `url`, `description`, `type`, `price`,`status`) VALUES ('Caramel Macchiato', 'https://product.hstatic.net/1000075078/product/caramel_macchiato_24ff98b746e84b7aba702c01a60b1a52_master.jpg', 'Vị thơm béo của bọt sữa và sữa tươi, vị đắng thanh thoát của cà phê Espresso hảo hạng, và vị ngọt đậm của sốt caramel.','Cà phê', 55000,'Bình thường');
INSERT INTO `coffeeblend`.`product` (`product_name`, `url`, `description`, `type`, `price`,`status`) VALUES ('Espresso', 'https://product.hstatic.net/1000075078/product/espressonong_f60fc6f25baa404c8a8bfc40c396f27e_large.jpg', 'Một cốc Espresso nguyên bản được bắt đầu bởi những hạt Arabica chất lượng, phối trộn với tỉ lệ cân đối hạt Robusta, cho ra vị ngọt caramel, vị chua dịu và sánh đặc. Để đạt được sự kết hợp này, chúng tôi xay tươi hạt cà phê cho mỗi lần pha.','Cà phê', 35000,'Bình thường');
INSERT INTO `coffeeblend`.`product` (`product_name`, `url`, `description`, `type`, `price`,`status`) VALUES ('Espresso Tonic', 'https://encrypted-tbn0.gstatic.com/images?q=tbn:ANd9GcQr7o-OFLFHSJYbPdWxxskE5tfYPw6WcCOn7g&usqp=CAU', 'Đậm đà, tươi mới Sự kết hợp mới lạ hiện đại với 2 shot Espresso và lớp Tonic dưới cùng - Cho từng ngụm đậm đà, chua thanh, đắng dịu, hậu vị tươi mới đầy tươi tỉnh.','Cà phê', 55000,'Bình thường');
INSERT INTO `coffeeblend`.`product` (`product_name`, `url`, `description`, `type`, `price`,`status`) VALUES ('Latte', 'https://product.hstatic.net/1000075078/product/latte_dd6427d058294df5aa4745e5a6035a93_large.jpg', 'Khi chuẩn bị Latte, cà phê Espresso và sữa nóng được trộn lẫn vào nhau, bên trên vẫn là lớp foam nhưng mỏng và nhẹ hơn Cappucinno.','Cà phê', 45000,'Bình thường');
INSERT INTO `coffeeblend`.`product` (`product_name`, `url`, `description`, `type`, `price`,`status`) VALUES ('Mocha', 'https://product.hstatic.net/1000075078/product/mocha_da_a2913936f9d84d07b63ac1ddf5dd2d0f_large.jpg', 'Cà phê Mocha được ví von đơn giản là Sốt Sô cô la được pha cùng một tách Espresso.','Cà phê', 49000,'Bình thường');
INSERT INTO `coffeeblend`.`product` (`product_name`, `url`, `description`, `type`, `price`,`status`) VALUES ('Yuzu espresso tonic', 'https://salt.tikicdn.com/cache/w444/ts/product/38/e0/82/8bc7f2e5e795cd02653ca8fd005519cf.jpg', 'Khác biệt - Tươi tỉnh - Giải nhiệt Sự kết hợp lần đầu tiên của Espresso, Tonic cùng nước ép Yuzu (quýt Nhật) - Cho bạn 1 tách Espresso khác biệt chưa từng có, đậm vị tươi tỉnh, giải nhiệt khoan khoái không thể hoà lẫn.','Cà phê', 55000, 'Bình thường');
INSERT INTO `coffeeblend`.`product` (`product_name`, `url`, `description`, `type`, `price`,`status`) VALUES ('BẠC XỈU', 'https://product.hstatic.net/1000075078/product/bac_siu_099c749a7d6044bc9f7f0eac7f57808f_large.jpg', 'Theo chân những người gốc Hoa đến định cư tại Sài Gòn, Bạc sỉu là cách gọi tắt của \"Bạc tẩy sỉu phé\" trong tiếng Quảng Đông, chính là: Ly sữa trắng kèm một chút cà phê.','Cà phê', 32000, 'Bình thường');
INSERT INTO `coffeeblend`.`product` (`product_name`, `url`, `description`, `type`, `price`,`status`) VALUES ('Phin đen đá', 'https://www.highlandscoffee.com.vn/vnt_upload/product/05_2018/CFD.png', '','Cà phê', 29000, 'Bình thường');
INSERT INTO `coffeeblend`.`product` (`product_name`, `url`, `description`, `type`, `price`,`status`) VALUES ('Phin đen nóng', 'https://www.highlandscoffee.com.vn/vnt_upload/product/03_2018/thumbs/270_crop_AMERICANO.png', '','Cà phê', 32000, 'Bình thường');
INSERT INTO `coffeeblend`.`product` (`product_name`, `url`, `description`, `type`, `price`,`status`) VALUES ('Phin sữa đá', 'https://www.highlandscoffee.com.vn/vnt_upload/product/03_2018/thumbs/270_crop_PHIN-SUA-DA.png', '','Cà phê', 32000, 'Bình thường');
INSERT INTO `coffeeblend`.`product` (`product_name`, `url`, `description`, `type`, `price`,`status`) VALUES ('Phin sữa nóng', 'https://www.highlandscoffee.com.vn/vnt_upload/product/06_2018/thumbs/270_crop_PHIN-SUA-NONG.png', '','Cà phê', 32000, 'Bình thường');
INSERT INTO `coffeeblend`.`product` (`product_name`, `url`, `description`, `type`, `price`,`status`) VALUES ('Phin choco', 'https://www.highlandscoffee.com.vn/vnt_upload/product/11_2020/thumbs/270_crop_phindi_choco_new.png', '','Cà phê', 32000, 'Bình thường');
INSERT INTO `coffeeblend`.`product` (`product_name`, `url`, `description`, `type`, `price`,`status`) VALUES ('Phin hạnh nhân', 'https://www.highlandscoffee.com.vn/vnt_upload/product/11_2020/thumbs/270_crop_phindi_hanh_nhan_new.png', '','Cà phê', 32000, 'Bình thường');
INSERT INTO `coffeeblend`.`product` (`product_name`, `url`, `description`, `type`, `price`,`status`) VALUES ('Phin kem sữa', 'https://www.highlandscoffee.com.vn/vnt_upload/product/11_2020/thumbs/270_crop_phindi_kem_sua_new.png', '','Cà phê', 32000, 'Bình thường');
INSERT INTO `coffeeblend`.`product` (`product_name`, `url`, `description`, `type`, `price`,`status`) VALUES ('Phin hồng trà', 'https://www.highlandscoffee.com.vn/vnt_upload/product/03_2018/thumbs/270_crop_LATTE.png', '','Cà phê', 32000, 'Bình thường');
INSERT INTO `coffeeblend`.`product` (`product_name`, `url`, `description`, `type`, `price`,`status`) VALUES ('Cà phê Lúa Mạch đá', 'https://product.hstatic.net/1000075078/product/merry-coffee_1x1_77bfcd5059c040faade5b105dfb623d1_master.jpg', 'Đắm chìm vào hương vị cà phê mới mẻ khi kết hợp cùng lúa mạch thơm ngon. Không quá đắng lại ngọt dịu dễ ghiền. Thưởng thức ngay nhé.','Cà phê', 32000, 'Bình thường');
INSERT INTO `coffeeblend`.`product` (`product_name`, `url`, `description`, `type`, `price`,`status`) VALUES ('Cà phê Lúa Mạch nóng', 'https://product.hstatic.net/1000075078/product/merry-coffee-nong-1x1_17712e23293145de8fc98d2be06405fc_master.jpg', '1 tách cà phê đặc biệt cho mùa đặc biệt nhất năm. Lúa mạch thơm lừng kết hợp cùng cà phê đượm vị. Thưởng thức vị Giáng sinh dành riêng cho bạn hôm nay nhé.','Cà phê', 32000, 'Bình thường');
INSERT INTO `coffeeblend`.`product` (`product_name`, `url`, `description`, `type`, `price`,`status`) VALUES ('COLD BREW TRUYỀN THỐNG', 'https://product.hstatic.net/1000075078/product/classic_cold_brew_67a26b702dbc4602b36c450893efdab0_master.jpg', 'Trong một năm trở lại đây, cà phê pha lạnh Cold Brew đã trở thành một xu hướng thưởng thức mới đối với các tín đồ cà phê Việt Nam. Cách pha chế Cold Brew tưởng chừng như đơn giản nhưng thực chất lại đòi hỏi rất nhiều sự tinh tế, cẩn trọng của người barista trong từng khâu thực hiện.  Mất 24 tiếng để ngâm ủ cà phê trong nước lạnh, Cold Brew mang đến sự mượt mà và tinh tế trong hương vị. Tại The Coffee House, Cold Brew được ủ và phục vụ mỗi ngày từ 100% hạt Arabica Cầu Đất với hương gỗ thông, hạt dẻ, nốt sô-cô-la đặc trưng, thoang thoảng hương khói nhẹ giúp Cold Brew giữ nguyên vị tươi mới','Cà phê', 32000, 'Bình thường');
INSERT INTO `coffeeblend`.`product` (`product_name`, `url`, `description`, `type`, `price`,`status`) VALUES ('COLD BREW PHÚC BỒN TỬ', 'https://product.hstatic.net/1000075078/product/cold_brew_pnt_copy_172c6bdd6923422c9a01111867ce8686_master.jpg', 'Một sự kết hợp đầy thuyết phục cho những người thích cà phê nhưng lại muốn thay đổi vị. Vị chua ngọt của trái phúc bồn tử, làm dậy lên hương vị trái cây tự nhiên vốn sẵn có trong hạt cà phê, hòa quyện thêm vị đăng đắng, ngọt dịu nhẹ nhàng của Cold Brew để mang đến một cách thưởng thức cà phê hoàn toàn mới, vừa thơm lừng hương cà phê quen thuộc, vừa nhẹ nhàng và thanh mát bởi hương trái cây đầy thú vị.','Cà phê', 32000, 'Bình thường');
INSERT INTO `coffeeblend`.`product` (`product_name`, `url`, `description`, `type`, `price`,`status`) VALUES ('COLD BREW SỮA TƯƠI', 'https://product.hstatic.net/1000075078/product/cold_brew_sua_tuoi_ee783daa0b44466b858f990f42943d46_master.jpg', 'Thanh mát và cân bằng với hương vị cà phê nguyên bản 100% Arabica Cầu Đất cùng sữa tươi thơm béo cho từng ngụm tròn vị, hấp dẫn.','Cà phê', 32000, 'Bình thường');
INSERT INTO `coffeeblend`.`product` (`product_name`, `url`, `description`, `type`, `price`,`status`) VALUES ('COLD BREW CAM SẢ', 'https://product.hstatic.net/1000075078/product/cold_brew_cs_49d3bb2e8c1e482580f9d0160251a5c3_master.jpg', 'Tinh tế trong hương - sắc - vị','Cà phê', 32000, 'Bình thường');
INSERT INTO `coffeeblend`.`product` (`product_name`, `url`, `description`, `type`, `price`,`status`) VALUES ('CÀ PHÊ ĐÁ XAY', 'https://product.hstatic.net/1000075078/product/cf_da_xay_c062933b9a044c5f9b6370a34e2d2216_master.jpg', 'Một phiên bản "upgrade" từ ly cà phê sữa quen thuộc, nhưng lại đầy tỉnh táo và tươi mát hơn bởi lớp đá xay mát lạnh đi kèm. Nhấp 1 ngụm là thấy đã, ngụm thứ hai thêm tỉnh táo và cứ thế lôi cuốn bạn đến giọt cuối cùng.','Cà phê', 32000, 'Bình thường');


INSERT INTO `coffeeblend`.`product` (`product_name`, `url`, `description`, `type`, `price`,`status`) VALUES ('Sinh tố Bơ', 'https://kangaroovietnam.vn/Uploads/sinh-to-bo.jpg', 'Bơ là một loại trái cây bổ dưỡng, có lợi cho hệ tiêu hóa...  đặc biệt là cực kỳ tốt cho sự phát triển của thai nhi giúp khỏe mạnh và thông minh', 'Sinh tố', '30000', 'Bình thường');
INSERT INTO `coffeeblend`.`product` (`product_name`, `url`, `description`, `type`, `price`,`status`) VALUES ('Sinh tố chuối vị Socola', 'https://kangaroovietnam.vn/Uploads/sinh-to-chuoi-socola.png', 'Sinh tố chuối vị lạ mà ngon, uống cực kỳ tốt cho hệ tiêu hóa, đặc biệt có thể dùng để giảm cân, vì có chứa  chất trytophan kích thích giấc ngủ ngon và cải thiện sự suy nhược của cơ thể.', 'Sinh tố', '34000', 'Bình thường');
INSERT INTO `coffeeblend`.`product` (`product_name`, `url`, `description`, `type`, `price`,`status`) VALUES ('Sinh tố cam sữa chua', 'https://kangaroovietnam.vn/Uploads/sinh-to-cam-sua-chua.png', 'Cam và sữa chua đều có chứa các loại vitamin cần thiết cho cơ thể, đặc biệt với khả năng làm đẹp an toàn và hiệu quả, ít tốn kém. Các loại sinh tố ngon dễ làm kết hợp giữa cam và sữa chua sẽ giúp bạn có được một thức uống tuyệt hảo cho những ngày hè nóng thêm tươi mát và dễ chịu hơn.', 'Sinh tố', '35000', 'Bình thường');
INSERT INTO `coffeeblend`.`product` (`product_name`, `url`, `description`, `type`, `price`,`status`) VALUES ('Sinh tố nho', 'https://kangaroovietnam.vn/Uploads/sinh-to-nho.jpg', 'Nho có nhiều dưỡng chất giúp tăng sức đề kháng, chống bệnh tật, hạn chế quá trình lão hóa, ngăn ngừa ung thư, tim mạch, giải độc bảo vệ cơ thể. Ngoài ăn ngon cả quả ra, có thể làm sinh tố ngon để uống mỗi ngày', 'Sinh tố', '30000', 'Bình thường');
INSERT INTO `coffeeblend`.`product` (`product_name`, `url`, `description`, `type`, `price`,`status`) VALUES ('Sinh tố chuối', 'https://kangaroovietnam.vn/Uploads/sinh-to-chuoi.jpg', 'Sinh tố chuối có khả năng cải thiện hệ tiêu hóa, cung cấp năng lượng, kiểm soát lượng cholesterol hiệu quả, chống béo phì, giảm cân, lấy lại vóc dáng thon gọn cho người phụ nữ.', 'Sinh tố', '30000', 'Bình thường');
INSERT INTO `coffeeblend`.`product` (`product_name`, `url`, `description`, `type`, `price`,`status`) VALUES ('Sinh tố Dưa hấu', 'https://kangaroovietnam.vn/Uploads/sinh-to-dua-hau.jpg', 'Dưa hấu là loại trái cây có khả năng chữa trị viêm thận và làm hạ huyết áp, vì khả năng làm chuyển hóa chất men trong dưa hấu thành protein không hòa tan thành protein hòa tan, tăng cường dưỡng chất cho người viêm thận, loại đường tổng hợp giúp hạ huyết áp. Đặc biệt, dưa hấu có khả năng làm đẹp da, bảo vệ da do có chứa nhiều vitamin A, B6, C giúp chị em phụ nữ có được da đẹp, dáng chuẩn.', 'Sinh tố', '30000', 'Bình thường');
INSERT INTO `coffeeblend`.`product` (`product_name`, `url`, `description`, `type`, `price`,`status`) VALUES ('Sinh tố dứa', 'https://kangaroovietnam.vn/Uploads/sinh-to-dua.jpg', 'Sinh tố dứa được ưa chuộng vào mùa hè, do có dưa hấu có vị mát, thơm nồng của mùi sữa chua. Uống sinh tố dưa hấu giúp đẹp da, tăng sức đề kháng được nhiều người lựa chọn để giải nhiệt vào mùa hè.', 'Sinh tố', '30000', 'Bình thường');
INSERT INTO `coffeeblend`.`product` (`product_name`, `url`, `description`, `type`, `price`,`status`) VALUES ('Sinh tố đậu xanh rau má', 'https://kangaroovietnam.vn/Uploads/sinh-to-rau-ma.jpg', 'Rau má và đậu xanh có thể kết hợp thành các loại sinh tố ngon, lành tính với sức khỏe. Sinh tố đậu xanh rau má có thể vừa giúp bạn giải nhiệt, thanh mát mà còn giúp người uống giảm cân. Ngoài ra, trong đậu xanh còn chứa nhiều vitamin, khoáng chất giúp tăng cường trao đổi chất giúp cơ thể có nhiều năng lượng tích cực hơn.', 'Sinh tố', '35000', 'Bình thường');
INSERT INTO `coffeeblend`.`product` (`product_name`, `url`, `description`, `type`, `price`,`status`) VALUES ('Sinh tố dâu tây', 'https://kangaroovietnam.vn/Uploads/sinh-to-dau-tay.jpg', 'Dâu tây có chứa hàm lượng vitamin C và đường fructose cao. Vị của dâu tây cực kỳ hấp dẫn, nên đây sẽ là thức uống giải khát được nhiều người yêu thích vào mùa hè.', 'Sinh tố', '34000', 'Bình thường');
INSERT INTO `coffeeblend`.`product` (`product_name`, `url`, `description`, `type`, `price`,`status`) VALUES ('Sinh tố cà chua', 'https://kangaroovietnam.vn/Uploads/sinh-to-ca-chua.jpg', 'Cà chua có thể làm cho vóc dáng thon gọn, làm đẹp da, giảm cân an toàn. Vì bên trong cà chua có chứa một lượng lớn canxi và vitamin K dồi dào cho xương chắc khỏe và cũng là dưỡng chất giúp mái tóc khỏe đẹp hơn. Ngoài ra, cà chua có chứa một lượng axit citric, thúc đẩy quá trình chuyển hóa đường và đốt cháy chất béo giúp ngăn ngừa lão hóa cho da.', 'Sinh tố', '34000', 'Bình thường');
INSERT INTO `coffeeblend`.`product` (`product_name`, `url`, `description`, `type`, `price`,`status`) VALUES ('Sinh tố Cà rốt, Bí đỏ', 'https://kangaroovietnam.vn/Uploads/sinh-to-ca-rot.jpg', 'Cà rốt có khả năng làm đẹp, giảm cân rất hiệu quả. Ngoài ăn bình thường, có thể xay cà rốt thành các loại sinh tố hoa quả để uống giải nhiệt trong những ngày mùa hè nắng nóng.', 'Sinh tố', '33000', 'Bình thường');
INSERT INTO `coffeeblend`.`product` (`product_name`, `url`, `description`, `type`, `price`,`status`) VALUES ('Sinh tố mít', 'https://kangaroovietnam.vn/Uploads/sinh-to-mit.jpg', 'Mít là loại trái cây có khả năng điều hòa huyết áp, tim mạch, cải thiện hệ tiêu hóa, cái thiện hệ tiêu hóa, tình trạng táo bón. Sinh tố mít uống cho vị ngon, hấp dẫn là lựa chọn không thể bỏ qua vào mùa hè nắng nóng.', 'Sinh tố', '31000', 'Bình thường');
INSERT INTO `coffeeblend`.`product` (`product_name`, `url`, `description`, `type`, `price`,`status`) VALUES ('Sinh tố mãng cầu', 'https://kangaroovietnam.vn/Uploads/sinh-to-mang-cau.jpg', 'Uống sinh tố  mãng cầu sẽ giúp da đẹp hơn do có chất chống oxy hóa, tăng hệ miễn dịch, cải thiện hệ tiêu hóa, bổ sung năng lượng cho cơ thể luôn khỏe mạnh. Mùa hè uống sinh tố mãng cầu là một lựa chọn hợp lý không nên bỏ qua.', 'Sinh tố', '32000', 'Bình thường');
INSERT INTO `coffeeblend`.`product` (`product_name`, `url`, `description`, `type`, `price`,`status`) VALUES ('Sinh tố cà chua mật ong', 'https://img-global.cpcdn.com/recipes/e8dfab0f253abe41/136x191cq50/sinh-t%E1%BB%91-ca-chua-m%E1%BA%ADt-ong-recipe-main-photo.webp', 'Uống sinh tố  cà chua mật ong sẽ giúp da đẹp hơn do có chất chống oxy hóa, tăng hệ miễn dịch, cải thiện hệ tiêu hóa, bổ sung năng lượng cho cơ thể luôn khỏe mạnh. Mùa hè uống sinh tố mãng cầu là một lựa chọn hợp lý không nên bỏ qua.', 'Sinh tố', '32000', 'Bình thường');
INSERT INTO `coffeeblend`.`product` (`product_name`, `url`, `description`, `type`, `price`,`status`) VALUES ('Sinh tố cam xí muôi', 'https://img-global.cpcdn.com/recipes/64a30e0f0d149861/136x191cq50/sinh-t%E1%BB%91-cam-xi-mu%E1%BB%99i-recipe-main-photo.webp', 'Uống sinh tố  cà chua mật ong sẽ giúp da đẹp hơn do có chất chống oxy hóa, tăng hệ miễn dịch, cải thiện hệ tiêu hóa, bổ sung năng lượng cho cơ thể luôn khỏe mạnh. Mùa hè uống sinh tố mãng cầu là một lựa chọn hợp lý không nên bỏ qua.', 'Sinh tố', '32000', 'Bình thường');
INSERT INTO `coffeeblend`.`product` (`product_name`, `url`, `description`, `type`, `price`,`status`) VALUES ('Sinh tố bơ thanh long', 'https://img-global.cpcdn.com/recipes/ceb54fe289c68998/136x191cq50/sinh-t%E1%BB%91-b%C6%A1-thanh-long-ru%E1%BB%99t-d%E1%BB%8F-recipe-main-photo.webp', 'Uống sinh tố  cà chua mật ong sẽ giúp da đẹp hơn do có chất chống oxy hóa, tăng hệ miễn dịch, cải thiện hệ tiêu hóa, bổ sung năng lượng cho cơ thể luôn khỏe mạnh. Mùa hè uống sinh tố mãng cầu là một lựa chọn hợp lý không nên bỏ qua.', 'Sinh tố', '32000', 'Bình thường');
INSERT INTO `coffeeblend`.`product` (`product_name`, `url`, `description`, `type`, `price`,`status`) VALUES ('Sinh tố bơ chuối', 'https://img-global.cpcdn.com/recipes/ad16ffaa9a3057b5/136x191cq50/sinh-t%E1%BB%91-b%C6%A1-chu%E1%BB%91i-recipe-main-photo.webp', 'Uống sinh tố  cà chua mật ong sẽ giúp da đẹp hơn do có chất chống oxy hóa, tăng hệ miễn dịch, cải thiện hệ tiêu hóa, bổ sung năng lượng cho cơ thể luôn khỏe mạnh. Mùa hè uống sinh tố mãng cầu là một lựa chọn hợp lý không nên bỏ qua.', 'Sinh tố', '32000', 'Bình thường');
INSERT INTO `coffeeblend`.`product` (`product_name`, `url`, `description`, `type`, `price`,`status`) VALUES ('Sinh tố bí đỏ', 'https://img-global.cpcdn.com/recipes/338b251f4f7449c4/136x191cq50/sinh-t%E1%BB%91-bi-d%E1%BB%8F-recipe-main-photo.webp', 'Uống sinh tố  cà chua mật ong sẽ giúp da đẹp hơn do có chất chống oxy hóa, tăng hệ miễn dịch, cải thiện hệ tiêu hóa, bổ sung năng lượng cho cơ thể luôn khỏe mạnh. Mùa hè uống sinh tố mãng cầu là một lựa chọn hợp lý không nên bỏ qua.', 'Sinh tố', '32000', 'Bình thường');
INSERT INTO `coffeeblend`.`product` (`product_name`, `url`, `description`, `type`, `price`,`status`) VALUES ('Sinh tố thanh long đỏ', 'https://img-global.cpcdn.com/recipes/f026e04cddcc17b5/136x191cq50/sinh-t%E1%BB%91-thanh-long-d%E1%BB%8F-recipe-main-photo.webp', 'Uống sinh tố  cà chua mật ong sẽ giúp da đẹp hơn do có chất chống oxy hóa, tăng hệ miễn dịch, cải thiện hệ tiêu hóa, bổ sung năng lượng cho cơ thể luôn khỏe mạnh. Mùa hè uống sinh tố mãng cầu là một lựa chọn hợp lý không nên bỏ qua.', 'Sinh tố', '32000', 'Bình thường');
INSERT INTO `coffeeblend`.`product` (`product_name`, `url`, `description`, `type`, `price`,`status`) VALUES ('Sinh tố thanh long 2 màu', 'https://img-global.cpcdn.com/recipes/ad12177f06e8507d/136x191cq50/sinh-t%E1%BB%91-thanh-long-2-mau-recipe-main-photo.webp', 'Uống sinh tố  cà chua mật ong sẽ giúp da đẹp hơn do có chất chống oxy hóa, tăng hệ miễn dịch, cải thiện hệ tiêu hóa, bổ sung năng lượng cho cơ thể luôn khỏe mạnh. Mùa hè uống sinh tố mãng cầu là một lựa chọn hợp lý không nên bỏ qua.', 'Sinh tố', '32000', 'Bình thường');INSERT INTO `coffeeblend`.`product` (`product_name`, `url`, `description`, `type`, `price`,`status`) VALUES ('Sinh tố ', '', 'Uống sinh tố  cà chua mật ong sẽ giúp da đẹp hơn do có chất chống oxy hóa, tăng hệ miễn dịch, cải thiện hệ tiêu hóa, bổ sung năng lượng cho cơ thể luôn khỏe mạnh. Mùa hè uống sinh tố mãng cầu là một lựa chọn hợp lý không nên bỏ qua.', 'Sinh tố', '32000', 'Bình thường');
INSERT INTO `coffeeblend`.`product` (`product_name`, `url`, `description`, `type`, `price`,`status`) VALUES ('Sinh tố dừa cà phê', 'https://img-global.cpcdn.com/recipes/d55a6b665f3470ac/136x191cq50/sinh-t%E1%BB%91-d%E1%BB%ABa-ca-phe-recipe-main-photo.webp', 'Uống sinh tố  cà chua mật ong sẽ giúp da đẹp hơn do có chất chống oxy hóa, tăng hệ miễn dịch, cải thiện hệ tiêu hóa, bổ sung năng lượng cho cơ thể luôn khỏe mạnh. Mùa hè uống sinh tố mãng cầu là một lựa chọn hợp lý không nên bỏ qua.', 'Sinh tố', '32000', 'Bình thường');
INSERT INTO `coffeeblend`.`product` (`product_name`, `url`, `description`, `type`, `price`,`status`) VALUES ('Sinh tố chuối sữa chua', 'https://img-global.cpcdn.com/recipes/659115c072d780b7/136x191cq50/sinh-t%E1%BB%91-chu%E1%BB%91i-s%E1%BB%AFa-chua-recipe-main-photo.webp', 'Uống sinh tố  cà chua mật ong sẽ giúp da đẹp hơn do có chất chống oxy hóa, tăng hệ miễn dịch, cải thiện hệ tiêu hóa, bổ sung năng lượng cho cơ thể luôn khỏe mạnh. Mùa hè uống sinh tố mãng cầu là một lựa chọn hợp lý không nên bỏ qua.', 'Sinh tố', '32000', 'Bình thường');
INSERT INTO `coffeeblend`.`product` (`product_name`, `url`, `description`, `type`, `price`,`status`) VALUES ('Sinh tố bơ chuối', 'https://img-global.cpcdn.com/recipes/1a241dabfda84233/136x191cq50/t%E1%BB%91i-nh%E1%BA%B9-b%E1%BB%A5ng-v%E1%BB%9Bi-sinh-t%E1%BB%91-b%C6%A1-chu%E1%BB%91i-recipe-main-photo.webp', 'Uống sinh tố  cà chua mật ong sẽ giúp da đẹp hơn do có chất chống oxy hóa, tăng hệ miễn dịch, cải thiện hệ tiêu hóa, bổ sung năng lượng cho cơ thể luôn khỏe mạnh. Mùa hè uống sinh tố mãng cầu là một lựa chọn hợp lý không nên bỏ qua.', 'Sinh tố', '32000', 'Bình thường');
INSERT INTO `coffeeblend`.`product` (`product_name`, `url`, `description`, `type`, `price`,`status`) VALUES ('Sinh tố đu đủ', 'https://img-global.cpcdn.com/recipes/9416d9c5a069354d/136x191cq50/sinh-t%E1%BB%91-du-d%E1%BB%A7-recipe-main-photo.webp', 'Uống sinh tố  cà chua mật ong sẽ giúp da đẹp hơn do có chất chống oxy hóa, tăng hệ miễn dịch, cải thiện hệ tiêu hóa, bổ sung năng lượng cho cơ thể luôn khỏe mạnh. Mùa hè uống sinh tố mãng cầu là một lựa chọn hợp lý không nên bỏ qua.', 'Sinh tố', '32000', 'Bình thường');
INSERT INTO `coffeeblend`.`product` (`product_name`, `url`, `description`, `type`, `price`,`status`) VALUES ('Sinh tố xanh', 'https://img-global.cpcdn.com/recipes/c95105ecb098d6eb/136x191cq50/green-smoothie-sinh-t%E1%BB%91-xanh-recipe-main-photo.webp', 'Uống sinh tố  cà chua mật ong sẽ giúp da đẹp hơn do có chất chống oxy hóa, tăng hệ miễn dịch, cải thiện hệ tiêu hóa, bổ sung năng lượng cho cơ thể luôn khỏe mạnh. Mùa hè uống sinh tố mãng cầu là một lựa chọn hợp lý không nên bỏ qua.', 'Sinh tố', '32000', 'Bình thường');
INSERT INTO `coffeeblend`.`product` (`product_name`, `url`, `description`, `type`, `price`,`status`) VALUES ('Sinh tố bơ sữa chua', 'https://img-global.cpcdn.com/recipes/f37403606dc8cb91/136x191cq50/sinh-t%E1%BB%91-b%C6%A1-s%E1%BB%AFa-chua-recipe-main-photo.webp', 'Uống sinh tố  cà chua mật ong sẽ giúp da đẹp hơn do có chất chống oxy hóa, tăng hệ miễn dịch, cải thiện hệ tiêu hóa, bổ sung năng lượng cho cơ thể luôn khỏe mạnh. Mùa hè uống sinh tố mãng cầu là một lựa chọn hợp lý không nên bỏ qua.', 'Sinh tố', '32000', 'Bình thường');
INSERT INTO `coffeeblend`.`product` (`product_name`, `url`, `description`, `type`, `price`,`status`) VALUES ('Sinh tố bí ngô', 'https://img-global.cpcdn.com/recipes/1cb1127cca98a26d/136x191cq50/sinh-t%E1%BB%91-bi-ngo-recipe-main-photo.webp', 'Uống sinh tố  cà chua mật ong sẽ giúp da đẹp hơn do có chất chống oxy hóa, tăng hệ miễn dịch, cải thiện hệ tiêu hóa, bổ sung năng lượng cho cơ thể luôn khỏe mạnh. Mùa hè uống sinh tố mãng cầu là một lựa chọn hợp lý không nên bỏ qua.', 'Sinh tố', '32000', 'Bình thường');
INSERT INTO `coffeeblend`.`product` (`product_name`, `url`, `description`, `type`, `price`,`status`) VALUES ('Sinh tố dưa lưới', 'https://img-global.cpcdn.com/recipes/a568e3222520fa4e/136x191cq50/sinh-t%E1%BB%91-d%C6%B0a-l%C6%B0%E1%BB%9Bi-cho-be-recipe-main-photo.webp', 'Uống sinh tố  cà chua mật ong sẽ giúp da đẹp hơn do có chất chống oxy hóa, tăng hệ miễn dịch, cải thiện hệ tiêu hóa, bổ sung năng lượng cho cơ thể luôn khỏe mạnh. Mùa hè uống sinh tố mãng cầu là một lựa chọn hợp lý không nên bỏ qua.', 'Sinh tố', '32000', 'Bình thường');
INSERT INTO `coffeeblend`.`product` (`product_name`, `url`, `description`, `type`, `price`,`status`) VALUES ('Sinh tố bơ mãng cầu rắc chia', 'https://img-global.cpcdn.com/recipes/32b9a4f1f8a9f5d3/136x191cq50/sinh-t%E1%BB%91-b%C6%A1-mang-c%E1%BA%A7u-r%E1%BA%AFc-chia-cho-be-9m-tu%E1%BB%95i-recipe-main-photo.webp', 'Uống sinh tố  cà chua mật ong sẽ giúp da đẹp hơn do có chất chống oxy hóa, tăng hệ miễn dịch, cải thiện hệ tiêu hóa, bổ sung năng lượng cho cơ thể luôn khỏe mạnh. Mùa hè uống sinh tố mãng cầu là một lựa chọn hợp lý không nên bỏ qua.', 'Sinh tố', '32000', 'Bình thường');
INSERT INTO `coffeeblend`.`product` (`product_name`, `url`, `description`, `type`, `price`,`status`) VALUES ('Sinh tố bơ phô mai rắc chia', 'https://img-global.cpcdn.com/recipes/286962bb34f50093/136x191cq50/sinh-t%E1%BB%91-b%C6%A1-phomai-r%E1%BA%AFc-chia-cho-be-recipe-main-photo.webp', 'Uống sinh tố  cà chua mật ong sẽ giúp da đẹp hơn do có chất chống oxy hóa, tăng hệ miễn dịch, cải thiện hệ tiêu hóa, bổ sung năng lượng cho cơ thể luôn khỏe mạnh. Mùa hè uống sinh tố mãng cầu là một lựa chọn hợp lý không nên bỏ qua.', 'Sinh tố', '32000', 'Bình thường');
INSERT INTO `coffeeblend`.`product` (`product_name`, `url`, `description`, `type`, `price`,`status`) VALUES ('Sinh tố khoai lang tím', 'https://img-global.cpcdn.com/recipes/296fab53a42f557b/136x191cq50/sinh-t%E1%BB%91-khoai-lang-tim-recipe-main-photo.webp', 'Uống sinh tố  cà chua mật ong sẽ giúp da đẹp hơn do có chất chống oxy hóa, tăng hệ miễn dịch, cải thiện hệ tiêu hóa, bổ sung năng lượng cho cơ thể luôn khỏe mạnh. Mùa hè uống sinh tố mãng cầu là một lựa chọn hợp lý không nên bỏ qua.', 'Sinh tố', '32000', 'Bình thường');
INSERT INTO `coffeeblend`.`product` (`product_name`, `url`, `description`, `type`, `price`,`status`) VALUES ('Sinh tố chuối đào', 'https://img-global.cpcdn.com/recipes/091fca1a0790a6b5/136x191cq50/sinh-t%E1%BB%91-chu%E1%BB%91i-dao-%F0%9F%8D%8C%F0%9F%8D%91-recipe-main-photo.webp', 'Uống sinh tố  cà chua mật ong sẽ giúp da đẹp hơn do có chất chống oxy hóa, tăng hệ miễn dịch, cải thiện hệ tiêu hóa, bổ sung năng lượng cho cơ thể luôn khỏe mạnh. Mùa hè uống sinh tố mãng cầu là một lựa chọn hợp lý không nên bỏ qua.', 'Sinh tố', '32000', 'Bình thường');
INSERT INTO `coffeeblend`.`product` (`product_name`, `url`, `description`, `type`, `price`,`status`) VALUES ('Sinh tố dâu chuối', 'https://img-global.cpcdn.com/recipes/5bfd8f19d3075095/136x191cq50/sinh-t%E1%BB%91-dau-chu%E1%BB%91i-%F0%9F%8D%8C-%F0%9F%8D%93-recipe-main-photo.webp', 'Uống sinh tố  cà chua mật ong sẽ giúp da đẹp hơn do có chất chống oxy hóa, tăng hệ miễn dịch, cải thiện hệ tiêu hóa, bổ sung năng lượng cho cơ thể luôn khỏe mạnh. Mùa hè uống sinh tố mãng cầu là một lựa chọn hợp lý không nên bỏ qua.', 'Sinh tố', '32000', 'Bình thường');
INSERT INTO `coffeeblend`.`product` (`product_name`, `url`, `description`, `type`, `price`,`status`) VALUES ('Sinh tố cải thìa xoài thơm chuối', 'https://img-global.cpcdn.com/recipes/ae4f550ea8827748/136x191cq50/sinh-t%E1%BB%91-c%E1%BA%A3i-thia-xoai-th%C6%A1m-chu%E1%BB%91i-recipe-main-photo.webp', 'Uống sinh tố  cà chua mật ong sẽ giúp da đẹp hơn do có chất chống oxy hóa, tăng hệ miễn dịch, cải thiện hệ tiêu hóa, bổ sung năng lượng cho cơ thể luôn khỏe mạnh. Mùa hè uống sinh tố mãng cầu là một lựa chọn hợp lý không nên bỏ qua.', 'Sinh tố', '32000', 'Bình thường');
INSERT INTO `coffeeblend`.`product` (`product_name`, `url`, `description`, `type`, `price`,`status`) VALUES ('Sinh tố lựu', 'https://img-global.cpcdn.com/recipes/865e9f460d583bec/136x191cq50/sinh-t%E1%BB%91-l%E1%BB%B1u-recipe-main-photo.webp', 'Uống sinh tố  cà chua mật ong sẽ giúp da đẹp hơn do có chất chống oxy hóa, tăng hệ miễn dịch, cải thiện hệ tiêu hóa, bổ sung năng lượng cho cơ thể luôn khỏe mạnh. Mùa hè uống sinh tố mãng cầu là một lựa chọn hợp lý không nên bỏ qua.', 'Sinh tố', '32000', 'Bình thường');
INSERT INTO `coffeeblend`.`product` (`product_name`, `url`, `description`, `type`, `price`,`status`) VALUES ('Sinh tố mãng cầu xiêm', 'https://img-global.cpcdn.com/recipes/5b5bb7b37a954f5e/136x191cq50/sinh-t%E1%BB%91-mang-c%E1%BA%A7u-xiem-recipe-main-photo.webp', 'Uống sinh tố  cà chua mật ong sẽ giúp da đẹp hơn do có chất chống oxy hóa, tăng hệ miễn dịch, cải thiện hệ tiêu hóa, bổ sung năng lượng cho cơ thể luôn khỏe mạnh. Mùa hè uống sinh tố mãng cầu là một lựa chọn hợp lý không nên bỏ qua.', 'Sinh tố', '32000', 'Bình thường');
INSERT INTO `coffeeblend`.`product` (`product_name`, `url`, `description`, `type`, `price`,`status`) VALUES ('Sinh tố bơ sầu riêng', 'https://img-global.cpcdn.com/recipes/54b1ab72a2e53e8b/136x191cq50/sinh-t%E1%BB%91-b%C6%A1-s%E1%BA%A7u-rieng-recipe-main-photo.webp', 'Uống sinh tố  cà chua mật ong sẽ giúp da đẹp hơn do có chất chống oxy hóa, tăng hệ miễn dịch, cải thiện hệ tiêu hóa, bổ sung năng lượng cho cơ thể luôn khỏe mạnh. Mùa hè uống sinh tố mãng cầu là một lựa chọn hợp lý không nên bỏ qua.', 'Sinh tố', '32000', 'Bình thường');
INSERT INTO `coffeeblend`.`product` (`product_name`, `url`, `description`, `type`, `price`,`status`) VALUES ('Sinh tố cải xoăn', 'https://img-global.cpcdn.com/recipes/744c31d297d203a4/136x191cq50/sinh-t%E1%BB%91-c%E1%BA%A3i-xoan-kale-smoothie-recipe-main-photo.webp', 'Uống sinh tố  cà chua mật ong sẽ giúp da đẹp hơn do có chất chống oxy hóa, tăng hệ miễn dịch, cải thiện hệ tiêu hóa, bổ sung năng lượng cho cơ thể luôn khỏe mạnh. Mùa hè uống sinh tố mãng cầu là một lựa chọn hợp lý không nên bỏ qua.', 'Sinh tố', '32000', 'Bình thường');
INSERT INTO `coffeeblend`.`product` (`product_name`, `url`, `description`, `type`, `price`,`status`) VALUES ('Sinh tố mít', 'https://img-global.cpcdn.com/recipes/1377ef0b4d7924b9/136x191cq50/sinh-t%E1%BB%91-mit-mua-he-recipe-main-photo.webp', 'Uống sinh tố  cà chua mật ong sẽ giúp da đẹp hơn do có chất chống oxy hóa, tăng hệ miễn dịch, cải thiện hệ tiêu hóa, bổ sung năng lượng cho cơ thể luôn khỏe mạnh. Mùa hè uống sinh tố mãng cầu là một lựa chọn hợp lý không nên bỏ qua.', 'Sinh tố', '32000', 'Bình thường');
INSERT INTO `coffeeblend`.`product` (`product_name`, `url`, `description`, `type`, `price`,`status`) VALUES ('Sinh tố việt quất', 'https://img-global.cpcdn.com/recipes/9fbcc8898c1c7b27/136x191cq50/sinh-t%E1%BB%91-blueberry-vi%E1%BB%87t-qu%E1%BA%A5t-recipe-main-photo.webp', 'Uống sinh tố  cà chua mật ong sẽ giúp da đẹp hơn do có chất chống oxy hóa, tăng hệ miễn dịch, cải thiện hệ tiêu hóa, bổ sung năng lượng cho cơ thể luôn khỏe mạnh. Mùa hè uống sinh tố mãng cầu là một lựa chọn hợp lý không nên bỏ qua.', 'Sinh tố', '32000', 'Bình thường');
INSERT INTO `coffeeblend`.`product` (`product_name`, `url`, `description`, `type`, `price`,`status`) VALUES ('Sinh tố rau má sữa dừa', 'https://img-global.cpcdn.com/recipes/e70c09e2d3694ba6/136x191cq50/sinh-t%E1%BB%91-rau-ma-s%E1%BB%AFa-d%E1%BB%ABa-recipe-main-photo.webp', 'Uống sinh tố  cà chua mật ong sẽ giúp da đẹp hơn do có chất chống oxy hóa, tăng hệ miễn dịch, cải thiện hệ tiêu hóa, bổ sung năng lượng cho cơ thể luôn khỏe mạnh. Mùa hè uống sinh tố mãng cầu là một lựa chọn hợp lý không nên bỏ qua.', 'Sinh tố', '32000', 'Bình thường');
INSERT INTO `coffeeblend`.`product` (`product_name`, `url`, `description`, `type`, `price`,`status`) VALUES ('Sinh tố xoài trân châu', 'https://img-global.cpcdn.com/recipes/c10579e5c4611f66/136x191cq50/sinh-t%E1%BB%91-xoai-tran-chau-recipe-main-photo.webp', 'Uống sinh tố  cà chua mật ong sẽ giúp da đẹp hơn do có chất chống oxy hóa, tăng hệ miễn dịch, cải thiện hệ tiêu hóa, bổ sung năng lượng cho cơ thể luôn khỏe mạnh. Mùa hè uống sinh tố mãng cầu là một lựa chọn hợp lý không nên bỏ qua.', 'Sinh tố', '32000', 'Bình thường');
INSERT INTO `coffeeblend`.`product` (`product_name`, `url`, `description`, `type`, `price`,`status`) VALUES ('Sinh tố cam xoài', 'https://img-global.cpcdn.com/recipes/1605c8f139e07805/136x191cq50/sinh-t%E1%BB%91-xoai-mix-cam-h%E1%BA%A1t-recipe-main-photo.webp', 'Uống sinh tố  cà chua mật ong sẽ giúp da đẹp hơn do có chất chống oxy hóa, tăng hệ miễn dịch, cải thiện hệ tiêu hóa, bổ sung năng lượng cho cơ thể luôn khỏe mạnh. Mùa hè uống sinh tố mãng cầu là một lựa chọn hợp lý không nên bỏ qua.', 'Sinh tố', '32000', 'Bình thường');
INSERT INTO `coffeeblend`.`product` (`product_name`, `url`, `description`, `type`, `price`,`status`) VALUES ('Sinh tố cacao chuối táo', 'https://img-global.cpcdn.com/recipes/c69775f1b2174bad/136x191cq50/sinh-t%E1%BB%91-cacao-chu%E1%BB%91i-tao-recipe-main-photo.webp', 'Uống sinh tố  cà chua mật ong sẽ giúp da đẹp hơn do có chất chống oxy hóa, tăng hệ miễn dịch, cải thiện hệ tiêu hóa, bổ sung năng lượng cho cơ thể luôn khỏe mạnh. Mùa hè uống sinh tố mãng cầu là một lựa chọn hợp lý không nên bỏ qua.', 'Sinh tố', '32000', 'Bình thường');
INSERT INTO `coffeeblend`.`product` (`product_name`, `url`, `description`, `type`, `price`,`status`) VALUES ('Sinh tố thơm', 'https://img-global.cpcdn.com/recipes/1fe39099a37a2738/136x191cq50/sinh-t%E1%BB%91-th%C6%A1m-recipe-main-photo.webp', 'Uống sinh tố  cà chua mật ong sẽ giúp da đẹp hơn do có chất chống oxy hóa, tăng hệ miễn dịch, cải thiện hệ tiêu hóa, bổ sung năng lượng cho cơ thể luôn khỏe mạnh. Mùa hè uống sinh tố mãng cầu là một lựa chọn hợp lý không nên bỏ qua.', 'Sinh tố', '32000', 'Bình thường');
INSERT INTO `coffeeblend`.`product` (`product_name`, `url`, `description`, `type`, `price`,`status`) VALUES ('Sinh tố bơ sữa chua hạt chia', 'https://img-global.cpcdn.com/recipes/c2ad35fb402ba0d1/136x191cq50/sinh-t%E1%BB%91-b%C6%A1-s%E1%BB%AFa-chua-mix-chia-recipe-main-photo.webp', 'Uống sinh tố  cà chua mật ong sẽ giúp da đẹp hơn do có chất chống oxy hóa, tăng hệ miễn dịch, cải thiện hệ tiêu hóa, bổ sung năng lượng cho cơ thể luôn khỏe mạnh. Mùa hè uống sinh tố mãng cầu là một lựa chọn hợp lý không nên bỏ qua.', 'Sinh tố', '32000', 'Bình thường');
INSERT INTO `coffeeblend`.`product` (`product_name`, `url`, `description`, `type`, `price`,`status`) VALUES ('Sinh tố cần tây dứa chuối', 'https://img-global.cpcdn.com/recipes/c8afe1339f09f26c/136x191cq50/sinh-t%E1%BB%91-c%E1%BA%A7n-tay-d%E1%BB%A9a-chu%E1%BB%91i-recipe-main-photo.webp', 'Uống sinh tố  cà chua mật ong sẽ giúp da đẹp hơn do có chất chống oxy hóa, tăng hệ miễn dịch, cải thiện hệ tiêu hóa, bổ sung năng lượng cho cơ thể luôn khỏe mạnh. Mùa hè uống sinh tố mãng cầu là một lựa chọn hợp lý không nên bỏ qua.', 'Sinh tố', '32000', 'Bình thường');
INSERT INTO `coffeeblend`.`product` (`product_name`, `url`, `description`, `type`, `price`,`status`) VALUES ('Sinh tố xoài chuối sữa chua', 'https://img-global.cpcdn.com/recipes/8a42411869c9104f/136x191cq50/sinh-t%E1%BB%91-xoai-chu%E1%BB%91i-s%E1%BB%AFa-chua-recipe-main-photo.webp', 'Uống sinh tố  cà chua mật ong sẽ giúp da đẹp hơn do có chất chống oxy hóa, tăng hệ miễn dịch, cải thiện hệ tiêu hóa, bổ sung năng lượng cho cơ thể luôn khỏe mạnh. Mùa hè uống sinh tố mãng cầu là một lựa chọn hợp lý không nên bỏ qua.', 'Sinh tố', '32000', 'Bình thường');
INSERT INTO `coffeeblend`.`product` (`product_name`, `url`, `description`, `type`, `price`,`status`) VALUES ('Sinh tố sinh tố cải bó xôi', 'https://img-global.cpcdn.com/recipes/6d4311dba4f23231/136x191cq50/sinh-t%E1%BB%91-c%E1%BA%A3i-bo-xoi-spinach-smoothie-recipe-main-photo.webp', 'Uống sinh tố  cà chua mật ong sẽ giúp da đẹp hơn do có chất chống oxy hóa, tăng hệ miễn dịch, cải thiện hệ tiêu hóa, bổ sung năng lượng cho cơ thể luôn khỏe mạnh. Mùa hè uống sinh tố mãng cầu là một lựa chọn hợp lý không nên bỏ qua.', 'Sinh tố', '32000', 'Bình thường');
INSERT INTO `coffeeblend`.`product` (`product_name`, `url`, `description`, `type`, `price`,`status`) VALUES ('Sinh tố chuối phô mai', 'https://img-global.cpcdn.com/recipes/00b3e49a6e38d75a/136x191cq50/sinh-t%E1%BB%91-chu%E1%BB%91i-pho-mai-recipe-main-photo.webp', 'Uống sinh tố  cà chua mật ong sẽ giúp da đẹp hơn do có chất chống oxy hóa, tăng hệ miễn dịch, cải thiện hệ tiêu hóa, bổ sung năng lượng cho cơ thể luôn khỏe mạnh. Mùa hè uống sinh tố mãng cầu là một lựa chọn hợp lý không nên bỏ qua.', 'Sinh tố', '32000', 'Bình thường');
INSERT INTO `coffeeblend`.`product` (`product_name`, `url`, `description`, `type`, `price`,`status`) VALUES ('Sinh tố chuối dâu', 'https://img-global.cpcdn.com/recipes/ca99246a97d1eab8/136x191cq50/sinh-t%E1%BB%91-chu%E1%BB%91i-dau-recipe-main-photo.webp', 'Uống sinh tố  cà chua mật ong sẽ giúp da đẹp hơn do có chất chống oxy hóa, tăng hệ miễn dịch, cải thiện hệ tiêu hóa, bổ sung năng lượng cho cơ thể luôn khỏe mạnh. Mùa hè uống sinh tố mãng cầu là một lựa chọn hợp lý không nên bỏ qua.', 'Sinh tố', '32000', 'Bình thường');

INSERT INTO `coffeeblend`.`product` (`product_name`, `url`, `description`, `type`, `price`,`status`) VALUES ('TRÀ OOLONG VẢI', 'https://product.hstatic.net/1000075078/product/tra_vai_046084306a484f41bd8c37efaab8f538_master.jpg', 'Là thức uống "bắt vị" được lấy cảm hứng từ trái Vải - thức quả tròn đầy, quen thuộc trong cuộc sống người Việt - kết hợp cùng Trà Oolong làm từ những lá trà tươi hảo hạng. Ly Trà Oolong Vải Như Ý là mong ước năm mới sắp tới sẽ là một năm tràn đầy những điều ngọt ngào, như ý với tất cả mọi người.','Trà', 32000, 'Bình thường');
INSERT INTO `coffeeblend`.`product` (`product_name`, `url`, `description`, `type`, `price`,`status`) VALUES ('TRÀ OOLONG HẠT SEN', 'https://product.hstatic.net/1000075078/product/tra_sen_bd7ab23f9be048429bb13682f6515ec3_master.jpg', 'Sự kết hợp của Trà Oolong hương thơm nhẹ, vị nồng hậu cùng Hạt sen tươi mềm có vị ngọt, sáp, vừa ngon miệng vừa có tác dụng an thần, tốt cho cơ thể. Sẽ thật tuyệt vời nếu bạn mời những người thân trong gia đình mình một tách Trà Oolong Sen An Nhiên thay cho lời tri ân và lời chúc năm mới an nhiên tràn sức khoẻ. Đặc biệt, lớp kem sữa phô mai được phủ lên bề mặt ly sẽ cho bạn một trải nghiệm cân bằng hơn về hương vị.','Trà', 32000, 'Bình thường');
INSERT INTO `coffeeblend`.`product` (`product_name`, `url`, `description`, `type`, `price`,`status`) VALUES ('TRÀ ĐÀO CAM SẢ', 'https://product.hstatic.net/1000075078/product/tra_dao_5f3925d9bfca4d0abc17f95b05fff5f7_master.jpg', 'Vị thanh ngọt của đào Hy Lạp, vị chua dịu của Cam Vàng nguyên vỏ, vị chát của trà đen tươi được ủ mới mỗi 4 tiếng, cùng hương thơm nồng đặc trưng của sả chính là điểm sáng làm nên sức hấp dẫn của thức uống này. Sản phẩm hiện có 2 phiên bản Nóng và Lạnh phù hợp cho mọi thời gian trong năm.','Trà', 32000, 'Bình thường');
INSERT INTO `coffeeblend`.`product` (`product_name`, `url`, `description`, `type`, `price`,`status`) VALUES ('TRÀ OOLONG BƯỞI MẬT ONG', 'https://product.hstatic.net/1000075078/product/tra_buoi_5c4c5ce2d4e44042a069ec9011ef1a9f_master.jpg', 'Lớp trà oolong đã man mát, nhưng sẽ vị càng thêm vị khi có hương bưởi cùng những tép bưởi mọng nước đi kèm - cho bạn 1 cách thưởng thức đầy thú vị. Cùng đánh thức vị giác, khởi động 1 ngày tươi tắn cùng hương vị mới lạ này nhé!','Trà', 32000, 'Bình thường');
INSERT INTO `coffeeblend`.`product` (`product_name`, `url`, `description`, `type`, `price`,`status`) VALUES ('TRÀ OOLONG PHÚC BỒN TỬ', 'https://product.hstatic.net/1000075078/product/tra_pbt_b1d7b2aac4474bad9e16906964170a17_master.jpg', 'Một sự kết hợp đầy hoàn hảo giữa thanh mát và bổ dưỡng. Lần đầu tiên Trà Oolong và trái "Phúc Bồn Tử" hoàn toàn tự nhiên, được các barista của chúng tôi kết hợp một cách tinh tế để tạo ra một dư vị hoàn toàn tươi mới. Nhấp ngay một ngụm là thấy mát lạnh ngay tức khắc, đọng lại mãi nơi cuốn họng là hương vị trà thơm lừng và vị ngọt thanh, chua dịu khó quên của trái phúc bồn tử.','Trà', 32000, 'Bình thường');
INSERT INTO `coffeeblend`.`product` (`product_name`, `url`, `description`, `type`, `price`,`status`) VALUES ('Trà chanh', 'https://kinhdoanhcafe.com/wp-content/uploads/2019/07/tra-chanh-ngon.jpg', 'Trà chanh có vị chua mát, ngọt thanh và hơi chát của trà giúp giải nhiệt và thanh lọc cơ thể. Trong quả chanh chứa nhiều hàm lượng vitamin C giúp cung cấp độ ẩm cho da và giúp da trắng hồng, mịn màng hơn. ','Trà', 32000, 'Bình thường');
INSERT INTO `coffeeblend`.`product` (`product_name`, `url`, `description`, `type`, `price`,`status`) VALUES ('Trà kiwi', 'https://kinhdoanhcafe.com/wp-content/uploads/2019/07/tra-trai-cay-kiwi.jpg', 'Nếu nhắc đến trà trái cây được yêu thích thì không thể bỏ qua trà Kiwi. Chỉ cần nhìn ly trà xanh kiwi là bạn đã cảm nhận được sự tươi mát rồi. Đây là sự lựa chọn tuyệt vời cho những bạn yêu thích vị chua ngọt của trái kiwi bổ dưỡng. Thường xuyên uống trà kiwi sẽ giúp bạn ngày càng trẻ đẹp và cung cấp thêm nhiều dưỡng chất cho cơ thể.','Trà', 32000, 'Bình thường');
INSERT INTO `coffeeblend`.`product` (`product_name`, `url`, `description`, `type`, `price`,`status`) VALUES ('Trà trái cây nhiệt đới', 'https://kinhdoanhcafe.com/wp-content/uploads/2019/07/tra-trai-cay-nhiet-doi-1.jpg', 'Trà trái cây nhiệt đới là là sự kết hợp của các loại quả phổ biến như: thanh long, xoài, lê, đào, táo, dưa hấu,… kết hợp với trà túi lọc và một ít đường cát trắng. Trà có hương vị tươi mát của nhiều loại trái cây, vị ngọt của đường và hơi chát của trà. Những ngày hè oi nóng, vừa được uống trà và ăn trái cây tươi ngon thì còn gì tuyệt vời hơn đúng không','Trà', 32000, 'Bình thường');
INSERT INTO `coffeeblend`.`product` (`product_name`, `url`, `description`, `type`, `price`,`status`) VALUES ('Trà táo bạc hà', 'https://kinhdoanhcafe.com/wp-content/uploads/2019/07/tra-tao-bac-ha.jpg', 'Điểm đặc biệt của trà táo bạc hà là sự kết hợp the mát của bạc hà và vị ngọt dịu của táo, tạo nên mùi rất đặc biệt và dễ uống. Ngoài ra, trong táo giàu chất xơ, giúp tăng cảm giác no, rất tốt cho những người muốn giảm cân.','Trà', 32000, 'Bình thường');
INSERT INTO `coffeeblend`.`product` (`product_name`, `url`, `description`, `type`, `price`,`status`) VALUES ('Trà lựu trân châu ', 'https://kinhdoanhcafe.com/wp-content/uploads/2019/07/tra-luu-tran-chau.jpg', 'Trà lựu có màu đẹp mắt, hương vị thơm mát kết hợp với trân châu giòn ngon thật tuyệt cho những ngày hè nóng bức đúng không?  Quả lựu có nhiều vitamin và khoáng chất giúp trẻ hóa làn da, cho làn da phái đẹp luôn căng hồng. ','Trà', 32000, 'Bình thường');
INSERT INTO `coffeeblend`.`product` (`product_name`, `url`, `description`, `type`, `price`,`status`) VALUES ('Trà xoài ', 'https://kinhdoanhcafe.com/wp-content/uploads/2019/07/tra-xoai-kem-cheese.jpg', 'Quả xoài được mệnh danh là “vua trái cây” vì hương vị thơm ngon, có giá trị dinh dưỡng cao như: vitamin A, B, C,…. giúp giải nhiệt tốt cho mùa hè. Trà xoài còn là đồ uống khá nhiều bạn trẻ yêu thích bởi vị ngọt dịu và chua nhẹ đặc trưng của quả xoài. Bên cạnh đó trà xoài còn giúp các bạn gái chống lão hóa và giúp chăm sóc da hiệu quả.','Trà', 32000, 'Bình thường');
INSERT INTO `coffeeblend`.`product` (`product_name`, `url`, `description`, `type`, `price`,`status`) VALUES ('Trà vải bạc hà', 'https://kinhdoanhcafe.com/wp-content/uploads/2019/07/tra-vai-bac-ha.jpg', 'Sự kết hợp độc đáo của vải thơm ngọt với bạc hà mát lạnh sảng khoái tạo nên hương vị đặc biệt cho thức uống trà vải bạc hà. Với vị ngọt thơm của vải và mát lạnh, the the của bạc hà đã tạo nên thức uống vô cùng cuốn hút với rất nhiều người. Vừa được thưởng thức nước trà thơm mát, vừa được ăn những trái vải tươi giòn ngon, thật tuyệt đúng không?','Trà', 32000, 'Bình thường');
INSERT INTO `coffeeblend`.`product` (`product_name`, `url`, `description`, `type`, `price`,`status`) VALUES ('Trà trái cây đào', 'https://kinhdoanhcafe.com/wp-content/uploads/2019/07/tra-dao-cam-sa-2.jpg', 'Trà đào đơn giản là sự kết hợp giữa trà và đào. Trà đào được yêu thích bởi vị ngọt thanh, bổ dưỡng và giá khá “hạt rẻ”. Những miếng đào chín vừa tới nhai giòn giòn sần sật kết hợp vị trà hơi chan chát hòa quyện tạo vị chua chua, ngọt ngọt rất dễ chịu và dễ uống.','Trà', 32000, 'Bình thường');
INSERT INTO `coffeeblend`.`product` (`product_name`, `url`, `description`, `type`, `price`,`status`) VALUES ('Trà chanh gừng mật ong', 'https://img-global.cpcdn.com/recipes/28dbb78191b8cfd7/136x191cq50/n%C6%B0%E1%BB%9Bc-tra-chanh-g%E1%BB%ABng-m%E1%BA%ADt-ong-recipe-main-photo.webp', '','Trà', 32000, 'Bình thường');
INSERT INTO `coffeeblend`.`product` (`product_name`, `url`, `description`, `type`, `price`,`status`) VALUES ('Trà vỏ bưởi', 'https://img-global.cpcdn.com/recipes/53fc8a5cdaf44dea/136x191cq50/m%E1%BB%A9t-v%E1%BB%8F-b%C6%B0%E1%BB%9Fi_-tra-v%E1%BB%8F-b%C6%B0%E1%BB%9Fi-recipe-main-photo.webp', '','Trà', 32000, 'Bình thường');
INSERT INTO `coffeeblend`.`product` (`product_name`, `url`, `description`, `type`, `price`,`status`) VALUES ('Trà chanh mật ong', 'https://img-global.cpcdn.com/recipes/b11674eddee85112/136x191cq50/tra-chanh-m%E1%BA%ADt-ong-recipe-main-photo.webp', '','Trà', 32000, 'Bình thường');
INSERT INTO `coffeeblend`.`product` (`product_name`, `url`, `description`, `type`, `price`,`status`) VALUES ('Trà dâu tây', 'https://img-global.cpcdn.com/recipes/e06634f43849f8dc/136x191cq50/tra-dau-tay-recipe-main-photo.webp', '','Trà', 32000, 'Bình thường');
INSERT INTO `coffeeblend`.`product` (`product_name`, `url`, `description`, `type`, `price`,`status`) VALUES ('Trà thanh long', 'https://img-global.cpcdn.com/recipes/e2480b5c4c99f2d6/136x191cq50/tra-thanh-long-d%E1%BB%8F-recipe-main-photo.webp', '','Trà', 32000, 'Bình thường');
INSERT INTO `coffeeblend`.`product` (`product_name`, `url`, `description`, `type`, `price`,`status`) VALUES ('Trà tắc xí muội', 'https://img-global.cpcdn.com/recipes/af4d07a85a9d2d4f/136x191cq50/tra-t%E1%BA%AFc-xi-mu%E1%BB%99io-mai-recipe-main-photo.webp', '','Trà', 32000, 'Bình thường');
INSERT INTO `coffeeblend`.`product` (`product_name`, `url`, `description`, `type`, `price`,`status`) VALUES ('Trà tắc mật ong', 'https://img-global.cpcdn.com/recipes/da879aef10d45084/136x191cq50/tra-t%E1%BA%AFc-m%E1%BA%ADt-ong-recipe-main-photo.webp', '','Trà', 32000, 'Bình thường');
INSERT INTO `coffeeblend`.`product` (`product_name`, `url`, `description`, `type`, `price`,`status`) VALUES ('Trà đào hạt chia', 'https://img-global.cpcdn.com/recipes/dc2223a338c9cc0f/136x191cq50/tra-dao-h%E1%BA%A1t-chia-recipe-main-photo.webp', '','Trà', 32000, 'Bình thường');
INSERT INTO `coffeeblend`.`product` (`product_name`, `url`, `description`, `type`, `price`,`status`) VALUES ('Hồng trà mật ong', 'https://img-global.cpcdn.com/recipes/d30c3dad493c2176/136x191cq50/h%E1%BB%93ng-tra-thanh-long-recipe-main-photo.webp', '','Trà', 32000, 'Bình thường');
INSERT INTO `coffeeblend`.`product` (`product_name`, `url`, `description`, `type`, `price`,`status`) VALUES ('Trà táo đỏ kỷ tử hạt chia', 'https://img-global.cpcdn.com/recipes/3fcc8d9c7b1fb233/136x191cq50/tra-tao-d%E1%BB%8F-k%E1%BB%B7-t%E1%BB%AD-h%E1%BA%A1t-chia-recipe-main-photo.webp', '','Trà', 32000, 'Bình thường');
INSERT INTO `coffeeblend`.`product` (`product_name`, `url`, `description`, `type`, `price`,`status`) VALUES ('Trà xanh tắc gừng sả quế mật ong', 'https://img-global.cpcdn.com/recipes/2abe6cfc41984c3c/136x191cq50/n%E1%BA%A5u-an-cung-con-tra-xanh-t%E1%BA%AFc-g%E1%BB%ABng-s%E1%BA%A3-qu%E1%BA%BF-m%E1%BA%ADt-ong-recipe-main-photo.webp', '','Trà', 32000, 'Bình thường');
INSERT INTO `coffeeblend`.`product` (`product_name`, `url`, `description`, `type`, `price`,`status`) VALUES ('Trà sả tắc mật ong', 'https://img-global.cpcdn.com/recipes/b123addd4d99f09a/136x191cq50/tra-s%E1%BA%A3-t%E1%BA%AFc-m%E1%BA%ADt-ong-recipe-main-photo.webp', '','Trà', 32000, 'Bình thường');
INSERT INTO `coffeeblend`.`product` (`product_name`, `url`, `description`, `type`, `price`,`status`) VALUES ('Trà gừng táo tàu', 'https://img-global.cpcdn.com/recipes/4ca3e9c1807673c9/136x191cq50/tra-g%E1%BB%ABng-tao-tau-recipe-main-photo.webp', '','Trà', 32000, 'Bình thường');
INSERT INTO `coffeeblend`.`product` (`product_name`, `url`, `description`, `type`, `price`,`status`) VALUES ('Trà tắc hạt é', 'https://img-global.cpcdn.com/recipes/4f7fef3370e935f8/136x191cq50/tra-t%E1%BA%AFc-h%E1%BA%A1t-e-recipe-main-photo.webp', '','Trà', 32000, 'Bình thường');
INSERT INTO `coffeeblend`.`product` (`product_name`, `url`, `description`, `type`, `price`,`status`) VALUES ('Trà táo mật ong', 'https://img-global.cpcdn.com/recipes/75bbdf4956f0ce40/136x191cq50/tra-tao-m%E1%BA%ADt-ong-recipe-main-photo.webp', '','Trà', 32000, 'Bình thường');
INSERT INTO `coffeeblend`.`product` (`product_name`, `url`, `description`, `type`, `price`,`status`) VALUES ('Hồng trà tắc', 'https://img-global.cpcdn.com/recipes/ba602cdd984e8893/136x191cq50/h%E1%BB%93ng-tra-t%E1%BA%AFc-recipe-main-photo.webp', '','Trà', 32000, 'Bình thường');
INSERT INTO `coffeeblend`.`product` (`product_name`, `url`, `description`, `type`, `price`,`status`) VALUES ('Trà thơm sả tắc', 'https://img-global.cpcdn.com/recipes/1540ee687e0c2dcc/136x191cq50/tra-th%C6%A1m-s%E1%BA%A3-t%E1%BA%AFc-recipe-main-photo.webp', '','Trà', 32000, 'Bình thường');

INSERT INTO `coffeeblend`.`product` (`product_name`, `url`, `description`, `type`, `price`,`status`) VALUES ('Trà sữa trân châu trắng', 'https://jarvis.vn/uploaded/tra-sua-tran-chau-trang(2).jpg', 'Trà sữa trân châu thường có 2 loại là trân châu đen và trân châu trắng. Nếu trân châu đen đã quá phổ biến và quen thuộc với nhiều người thì trân châu trắng là một loại topping khá mới lạ. Trân châu trắng được làm từ bột rau câu dẻo, bột rau câu giòn, tạo hình thành các hạt tròn bé có màu trắng.Trân châu trắng có mùi thơm, vị ngọt và giòn giòn, không dẻo như trân châu đen.', 'Trà sữa', '35000', 'Bình thường');
INSERT INTO `coffeeblend`.`product` (`product_name`, `url`, `description`, `type`, `price`,`status`) VALUES ('Trà sữa Oreo Cake Cream', 'https://jarvis.vn/uploaded/tra-sua-oreo-cake-cream(1).jpg', 'Trong số các loại trà sữa thì trà sữa Oreo Cake Cream là một loại trà uống khá mới lạ với nhiều người. Trà sữa Oreo Cake Cream về cơ bản là trà sữa thông thường, tuy nhiên không dùng bột pha trực tiếp, tạo nên vị trà thơm, chát cùng chút béo của sữa. Tiếp theo, trà sữa Oreo Cake Cream được phủ thêm một lớp cake cream vàng nhạt phía trên và xung quanh thành cốc. Những miếng bánh Oreo thơm ngon, hấp dẫn được nghiền nhỏ và rắc vụn lên phía trên lớp kem', 'Trà sữa', '35000', 'Bình thường');
INSERT INTO `coffeeblend`.`product` (`product_name`, `url`, `description`, `type`, `price`,`status`) VALUES ('Trà sữa trân châu đường đen', 'https://jarvis.vn/uploaded/tra-sua-tran-chau-duong-den(1).jpg', 'Trà sữa trân châu đường đen vẫn gồm nguyên liệu là như trà sữa thông thường. Thông thường trà sữa trân châu đường đen sẽ sử dụng sữa tươi không đường để vị không bị ngọt quá và phù hợp với phần topping gồm trân châu và đường đen. Một điểm nữa khiến giới trẻ mê mẩn trà sữa trân châu đường đen so với các loại trà sữa khác đó là vẻ ngoài bắt mắt của cốc trà với phần trà sữa trắng hòa quyện khéo léo cùng phần đường đen, trân châu đen bên dưới.', 'Trà sữa', '35000', 'Bình thường');
INSERT INTO `coffeeblend`.`product` (`product_name`, `url`, `description`, `type`, `price`,`status`) VALUES ('Trà xoài kem cheese', 'https://jarvis.vn/wp-content/uploads/2019/05/tra-xoai-kem-cheese-1.png', 'Một trong những món đồ uống của các tín đồ kem cheese là trà xoài kem cheese. Trà xoài kem cheese được làm từ trà, xoài tươi cùng với phần kem cheese, tạo nên loại thức uống độc đáo có vị thơm đặc trưng của xoài, chút vị chua ngọt cùng với lớp kem béo béo, mặn mặn hấp dẫn nhiều người.Trà xoài kem cheese có vị ngậy, béo và chút mặn của kem cheese, vị ngọt đậm của xoài tươi, 2 nguyên liệu này kết hợp và làm tăng thêm vị ngon riêng của mỗi loại nguyên liệu, khiến người uống không còn cảm thấy kem cheese quá ngậy hay xoài quá ngọt. Độ ngậy, ngọt và mùi thơm vừa phải.', 'Trà sữa', '35000', 'Bình thường');
INSERT INTO `coffeeblend`.`product` (`product_name`, `url`, `description`, `type`, `price`,`status`) VALUES ('Trà sữa khoai môn', 'https://jarvis.vn/uploaded/tra-sua-khoai-mon(1).jpg', 'Trà sữa khoai môn tuy không phải là thức uống mới nhưng nó vẫn giữ được độ hot với giới trẻ, đặc biệt là vào các khoảng thời gian hè nắng nóng. Trà sữa khoai môn có vị béo béo của sữa, mùi thơm của khoai môn cùng với chút vị chát nhẹ của trà. Thức uống này không quá ngọt và ngậy như những loại trà sữa có kem cheese, vị ngọt thanh mà vẫn có chút béo bùi là điểm cộng lớn nhất của trà sữa khoai môn. Trà sữa khoai môn một số nơi sẽ dùng bột khoai môn để pha chế hoặc có thể dùng củ khoai môn tươi xay lấy nước sẽ nguyên chất hơn. 2 loại topping hợp với trà sữa khoai môn là trân châu đen và trân châu trắng.', 'Trà sữa', '35000', 'Bình thường');
INSERT INTO `coffeeblend`.`product` (`product_name`, `url`, `description`, `type`, `price`,`status`) VALUES ('Trà sữa matcha đậu đỏ', 'https://jarvis.vn/uploaded/tra-sua-matcha-dau-do(1).jpg', 'Nếu trà sữa matcha là thức uống quá quen thuộc và phổ biến thì trà sữa matcha đậu đỏ lại là sản phẩm mới, thích hợp giải nhiệt dành cho mùa hè nắng nóng. Trà sữa Matcha đậu đỏ về cơ bản vẫn là trà sữa trà xanh với vị chát nhẹ của trà, vị thơm mát của matcha cùng với chút ngọt nhẹ của sữa tươi.', 'Trà sữa', '35000', 'Bình thường');
INSERT INTO `coffeeblend`.`product` (`product_name`, `url`, `description`, `type`, `price`,`status`) VALUES ('Trà sữa Oreo Chocolate Cream', 'https://jarvis.vn/wp-content/uploads/2019/05/oreo-cake-cream-3.png', 'Trong số các loại trà sữa phổ biến thì trà sữa Oreo Chocolate Cream là một loại trà sữa khá mới trong thời gian gần đây. Với những người hảo ngọt thì vị béo ngậy của cốc trà này sẽ làm bạn phải mê mẩn. Phần trà sữa thơm ngọt kết hợp cùng lớp bọt kem mặn, đặc biệt là mùi thơm quyến rũ của chocolate cùng bánh Oreo. Vị béo ngậy của lớp kem cùng vị ngọt của sữa trong trà sẽ không làm bạn cảm thấy quá ngán nhờ chút đắng mà chocolate cùng vụn bánh Oreo mang lại.', 'Trà sữa', '35000', 'Bình thường');
INSERT INTO `coffeeblend`.`product` (`product_name`, `url`, `description`, `type`, `price`,`status`) VALUES ('Trà sữa Pudding đậu đỏ', 'https://jarvis.vn/wp-content/uploads/2019/05/tra-sua-pudding-dau-do.png', 'Đây là loại trà sữa có topping gồm phần pudding trứng cùng với hạt đậu đỏ. Về phần trà sữa thì ngoài vị chát nhẹ cùng vị ngọt béo của sữa và trà thì điểm nhấn của cốc trà sữa này nằm ở phần pudding trứng cùng đậu đỏ phía trên. Pudding trứng mềm mại, có vị ngọt và thơm, pha chút béo ngậy của vani và có màu vàng óng ngọt ngào, đi kèm đó là những hạt đậu đỏ mềm nhuyễn cũng có vị ngọt nhưng lại khá bùi khi nhai. 2 nguyên liệu này kết hợp cùng trà sữa tạo thành trà sữa Pudding đậu đỏ thích hợp giải nhiệt mùa hè', 'Trà sữa', '35000', 'Bình thường');
INSERT INTO `coffeeblend`.`product` (`product_name`, `url`, `description`, `type`, `price`,`status`) VALUES ('Trà sữa trân châu đen và trà sữa trân châu trắng', 'https://jarvis.vn/uploaded/tra-sua-tran-chau-den-va-tra-sua-tran-chau-trang(1).jpg', 'Trà sữa trân châu đen và trà sữa trân châu trắng hẳn là 2 thức uống có mặt lâu nhất trong các menu tại các quán trà sữa cũng như các quán ăn vặt. Không phải tự nhiên mà 2 loại thức uống này vẫn tồn tại và được lòng nhiều người bên cạnh hàng loạt các sản phẩm trà sữa mới.', 'Trà sữa', '35000', 'Bình thường');
INSERT INTO `coffeeblend`.`product` (`product_name`, `url`, `description`, `type`, `price`,`status`) VALUES ('Trà sữa sương sáo', 'https://jarvis.vn/uploaded/tra-suong-sao.jpg', 'Sương sáo, sương sa là những nguyên liệu phổ biến tại các tỉnh miền Nam và cực thích hợp cho những ngày hè nắng nóng. Sương sáo có tính giải nhiệt cao cùng với đó là nhiều công dụng tốt cho sức khỏe. Trà sữa sương sáo là sự kết hợp giữa trà sữa truyền thống với phần sương sáo mát lạnh.', 'Trà sữa', '35000', 'Bình thường');
INSERT INTO `coffeeblend`.`product` (`product_name`, `url`, `description`, `type`, `price`,`status`) VALUES ('Trà sữa Earl Grey', 'https://jarvis.vn/wp-content/uploads/2019/05/Earl-Grey-Bubble-Tea.png', 'Trà sữa Earl Grey hay còn gọi là Trà Bá Tước là một loại trà sữa độc đáo được làm từ trà xuất xứ từ nước Anh với công đoạn ướp khá cầu kỳ. Trà sữa Earl Grey có vị khá chát và đắng nhẹ, đặc biệt là mùi thơm rất đặc trưng mà không phải loại trà nào cũng có.', 'Trà sữa', '35000', 'Bình thường');
INSERT INTO `coffeeblend`.`product` (`product_name`, `url`, `description`, `type`, `price`,`status`) VALUES ('Trà sữa Caramel', 'https://jarvis.vn/uploaded/tra-sua-caramel.jpg', 'Caramel hẳn là một món ăn, một nguyên liệu phổ biến đặc biệt với giới trẻ. Chỉ riêng caramel cũng có thể kết hợp được với vô số nguyên liệu khác để tạo thành những món ăn ngon và hấp dẫn. Trà sữa caramel được làm từ trà sữa truyền thống kết hợp cùng lớp kem caramel thơm và béo ngậy.', 'Trà sữa', '35000', 'Bình thường');
INSERT INTO `coffeeblend`.`product` (`product_name`, `url`, `description`, `type`, `price`,`status`) VALUES ('Trà sữa Cà phê', 'https://jarvis.vn/uploaded/tra-sua-ca-phe.jpg', 'Nhắc tới cà phê là nhắc tới một loại đồ uống truyền thống của người dân Việt Nam. Hương vị của cà phê có chút đắng, khác với vị đắng của chocolate. Đặc biệt thì cà phê cũng có mùi thơm quyến rũ mà chỉ cần ngửi cũng muốn được uống thử. Trà sữa cà phê hẳn là sự kết hợp khá độc đáo giữa 2 nguyên liệu tưởng chừng có ít sự liên quan này với nhau.', 'Trà sữa', '35000', 'Bình thường');
INSERT INTO `coffeeblend`.`product` (`product_name`, `url`, `description`, `type`, `price`,`status`) VALUES ('Lục trà sữa', 'https://jarvis.vn/wp-content/uploads/2019/05/luc-tra-sua.png', 'Lục trà sữa là một loại trà sữa phổ biến và có mặt hầu như các menu của các tiệm trà sữa. Lục trà sữa ngoài vị chát nhẹ thì còn có vị thơm nồng và ngọt ngọt của sữa. Lục trà sữa có nhiều sữa hơn so với hồng trà sữa.', 'Trà sữa', '35000', 'Bình thường');
INSERT INTO `coffeeblend`.`product` (`product_name`, `url`, `description`, `type`, `price`,`status`) VALUES ('Trà sữa cheese milk foam', 'https://jarvis.vn/uploaded/tra-sua-cheese-milk-foam.jpg', 'Trà sữa cheese milk foam là một loại đồ uống được giới trẻ đặc biệt yêu thích thời gian đổ lại đây. Ngoài vị trà sữa truyền thống thì cốc trà còn được thêm một lớp kem sữa béo béo, ngậy ngậy tràn mùi thơm.', 'Trà sữa', '35000', 'Bình thường');

INSERT INTO `coffeeblend`.`product` (`product_name`, `url`, `description`, `type`, `price`,`status`) VALUES ('BÁNH MÌ CHÀ BÔNG PHÔ MAI', 'https://product.hstatic.net/1000075078/product/phomaichabong_1x1_bed88825466e4e53bde516ce1febdb56_large.jpg', 'Bạn không thể bỏ lỡ chiếc bánh với lớp phô mai vàng sánh mịn bên trong, được bọc ngoài lớp vỏ xốp mềm thơm lừng. Thêm lớp chà bông mằn mặn hấp dẫn bên trên.', 'Snack', '32000', 'Bình thường');
INSERT INTO `coffeeblend`.`product` (`product_name`, `url`, `description`, `type`, `price`,`status`) VALUES ('Bánh mì que', 'https://product.hstatic.net/1000075078/product/banh_mi_que_40c05d95e9eb44e5997a4071b004ea97_large.jpg', 'Bánh mì que dài dài giòn giòn với lớp nhân thịt ngon hết xẩy', 'Snack', '12000', 'Bình thường');
INSERT INTO `coffeeblend`.`product` (`product_name`, `url`, `description`, `type`, `price`,`status`) VALUES ('BÔNG LAN TRỨNG MUỐI', 'https://product.hstatic.net/1000075078/product/trungmui1_9abf7c43946b44e9948dbac1eff95e40_large.jpg', 'Chắc chắn bạn sẽ không thể cưỡng lại chiếc bánh bông lan tơi xốp, mềm mịn, vị ngọt dịu kết hợp với trứng muối và chà bông đậm đà, cân bằng vị giác.', 'Snack', '29000', 'Bình thường');
INSERT INTO `coffeeblend`.`product` (`product_name`, `url`, `description`, `type`, `price`,`status`) VALUES ('cam tươi sấy dẻo', 'https://product.hstatic.net/1000075078/product/cam_vang_say_deo_79c5c1eb4de840f7936b6679c6e1f138_large.jpg', 'Cam tươi sấy khô dẻo dai, ngọt bùi và chua thanh đầy thú vị. Món ăn vặt \"healthy\" kích thích vị giác cho bạn khi buồn miệng.', 'Snack', '35000', 'Bình thường');
INSERT INTO `coffeeblend`.`product` (`product_name`, `url`, `description`, `type`, `price`,`status`) VALUES ('Croissant Trứng muối', 'https://product.hstatic.net/1000075078/product/photo_2020-11-10_17-41-51_6c3b1ba948354101b892644fb7aab5c6_large.jpg', 'Bánh croissant của Pháp được phủ lớp chà bông mặn mà và rắc bột trứng muối thơm thơm tạo nên một kiệt tác ẩm thực không thể tả', 'Snack', '35000', 'Bình thường');
INSERT INTO `coffeeblend`.`product` (`product_name`, `url`, `description`, `type`, `price`,`status`) VALUES ('Điều vàng mật ong', 'https://product.hstatic.net/1000075078/product/hat-dieu-mat-ong_472628eb00474362b4d2f9acbcb4d879_large.jpg', 'Ăn vặt cũng phải \"healthy\". Hạt điều nhiều dinh dưỡng, phủ lớp mật ong ngọt ngọt mặn mặn, ăn hoài ngon hoài, hứa luôn!', 'Snack', '30000', 'Bình thường');
INSERT INTO `coffeeblend`.`product` (`product_name`, `url`, `description`, `type`, `price`,`status`) VALUES ('Gà Xé Lá Chanh', 'https://product.hstatic.net/1000075078/product/ga_xe_la_chanh_7fd28bb113bc40068f8c599f8c04669e_large.jpg', 'Thịt gà được xé tơi, vị mặn, ngọt và cay quyện nhau vừa chuẩn, thêm chút thơm thơm từ lá chanh sấy khô giòn giòn nữa thì cơn buồn miệng nào cũng sẽ bị xua tan.', 'Snack', '25000', 'Bình thường');
INSERT INTO `coffeeblend`.`product` (`product_name`, `url`, `description`, `type`, `price`,`status`) VALUES ('Heo Sấy Xông Khói', 'https://product.hstatic.net/1000075078/product/heo_say_xong_khoi_1c4b202aac434634818939d3d2fd86bd_large.jpg', 'Thịt heo được ướp gia vị đậm đà - mặn, ngọt, chua, cay ngon ngất ngây. Chút \"mồi\" sừng sựt để cuộc hẹn hò không bao giờ chán.', 'Snack', '35000', 'Bình thường');
INSERT INTO `coffeeblend`.`product` (`product_name`, `url`, `description`, `type`, `price`,`status`) VALUES ('Mít sấy', 'https://product.hstatic.net/1000075078/product/mit-say_1x1_23736c9eef904141bf9311fdc4be2afa_large.jpg', 'Khi \"ăn vặt\" đã trở thành xu thế, thì sao có thể bỏ qua mít sấy cực ngon của Nhà. Mít sấy khô vàng ươm giòn rụm, khi ăn vẫn giữ nguyên được vị ngọt lịm của mít tươi. Đến Nhà trò chuyện rôm rã và thưởng thức mít sấy để cho câu chuyện thêm giòn thêm vui ngay thôi!', 'Snack', '20000', 'Bình thường');
INSERT INTO `coffeeblend`.`product` (`product_name`, `url`, `description`, `type`, `price`,`status`) VALUES ('Mochi Kem Chocolate', 'https://product.hstatic.net/1000075078/product/mochi-chocolate_24bddab1f9c64658a4052480e5e4f1ba_large.jpg', 'Cảm nhận hương vị Á Âu từ lớp vỏ nếp sô cô la ngọt dẻo, đến lớp kem lạnh và sốt sô cô la bên trong. Cắn 1 miếng là mê ngay.', 'Snack', '19000', 'Bình thường');
INSERT INTO `coffeeblend`.`product` (`product_name`, `url`, `description`, `type`, `price`,`status`) VALUES ('Mochi Kem Matcha', 'https://product.hstatic.net/1000075078/product/mochi-matcha_7fb346641da54f9cb410a59b5ae716f4_large.jpg', 'Vừa quen vừa lạ từ vỏ bánh mềm dẻo, đến lớp kem lạnh và nhân trà xanh đậm vị, gọi 1 chiếc Mochi cho ngày thiệt tươi nha', 'Snack', '19000', 'Bình thường');
INSERT INTO `coffeeblend`.`product` (`product_name`, `url`, `description`, `type`, `price`,`status`) VALUES ('Mochi Kem Xoài', 'https://product.hstatic.net/1000075078/product/mochi-mango_7575626c13c841df910ff9ef5ecd4f24_large.jpg', 'Bạn sẽ thích thú với hương vị chua chua ngọt ngọt từ sự kết hợp giữa nhân kem lạnh và sốt xoài. Bao bọc bởi lớp vỏ nếp mềm dẻo. Gọi Mocchi Xoài cho ngày dài thiệt tươi.', 'Snack', '19000', 'Bình thường');
INSERT INTO `coffeeblend`.`product` (`product_name`, `url`, `description`, `type`, `price`,`status`) VALUES ('Mousse Gấu Chocolate', 'https://product.hstatic.net/1000075078/product/gau_1x1_8b308db3a67a47688ff0d69a8c5615bf_large.jpg', 'Với vẻ ngoài đáng yêu và hương vị ngọt ngào, thơm béo nhất định bạn phải thử ít nhất 1 lần.', 'Snack', '39000', 'Bình thường');
INSERT INTO `coffeeblend`.`product` (`product_name`, `url`, `description`, `type`, `price`,`status`) VALUES ('Mousse Matcha', 'https://product.hstatic.net/1000075078/product/matcha_178bdeeb1f9b47ea9f782048eb145f49_large.jpg', 'Khám phá từng tầng vị trà xanh thơm lừng xen kẽ lớp kéo béo dịu với đậu đỏ.', 'Snack', '29000', 'Bình thường');
INSERT INTO `coffeeblend`.`product` (`product_name`, `url`, `description`, `type`, `price`,`status`) VALUES ('Mousse Passion Cheese', 'https://product.hstatic.net/1000075078/product/chanhday_1x1_da85397059a149e1b886237434f7ce48_large.jpg', 'Tận hưởng chiếc bánh mát lạnh với sự kết hợp hoàn hảo của vị béo ngậy của nhân kem phô mai, cân bằng với vị chua thanh từ chanh dây.', 'Snack', '29000', 'Bình thường');
INSERT INTO `coffeeblend`.`product` (`product_name`, `url`, `description`, `type`, `price`,`status`) VALUES ('Mousse Tiramisu', 'https://product.hstatic.net/1000075078/product/tira_1x1_eb865751a24e4520be32a56129dd7a2d_large.jpg', 'Hương vị dễ ghiền được tạo nên bởi chút đắng nhẹ của cà phê, lớp kem trứng béo ngọt dịu hấp dẫn.', 'Snack', '32000', 'Bình thường');


INSERT INTO `coffeeblend`.`roledetail` (`role_name`) VALUES ('ADMIN');
INSERT INTO `coffeeblend`.`roledetail` (`role_name`) VALUES ('EDITOR');
INSERT INTO `coffeeblend`.`roledetail` (`role_name`) VALUES ('CUSTOMER');

INSERT INTO `coffeeblend`.`admindetail` (`admin_email`, `admin_fullname`,`admin_user`,`role_name`, `admin_pass`, `admin_role`,`admin_phone`,`admin_createdTime`,`admin_address`) 
								  VALUES ('vocaoanh2403@gmail.com', 'VoCaoAnh','admin','ADMIN','$2a$10$5QOzT10jyI2/ykIFlChGq.xwwFQIXUrrKf5tTJBhPcvsK2xb5fcpe', '1','0902511602','2021-1-12','8/2 Võ Trường Toản, phường An Phú, quận 2');
                                  
INSERT INTO `coffeeblend`.`invoicestatus` (`status_name`) VALUES ('Đang xử lý');
INSERT INTO `coffeeblend`.`invoicestatus` (`status_name`) VALUES ('Đang di chuyển');
INSERT INTO `coffeeblend`.`invoicestatus` (`status_name`) VALUES ('Đã hoàn thành');
INSERT INTO `coffeeblend`.`invoicestatus` (`status_name`) VALUES ('Đã bị hủy');

INSERT INTO `coffeeblend`.`userrole` (`admin_id`, `role_id`) VALUES ('1', '1');

INSERT INTO `coffeeblend`.`invoice` ( `invoice_status`,`customer_id`, `customer_name`, `customer_address`, `customer_phone`, `total_cart_price`, `day_created`) VALUES ('Đang giao', 1, 'Huỳnh Tuấn Kiệt', '85 Lê Thúc Hoạch, Tân Phú, TP. Hồ Chí Minh', '0987654321', '87000', '2020-11-13');


